timestamp,premium,close,volume,taker_buy_volume
2026-04-01T08:00:00Z,-0.00023323,101.89000,417575.60,218011.09
2026-04-01T16:00:00Z,0.00369789,100.60000,366304.36,188243.62
2026-04-02T00:00:00Z,0.00000000,107.75000,996653.15,511855.46
2026-04-02T08:00:00Z,0.00009934,107.67000,1790286.28,906438.03
2026-04-02T16:00:00Z,-0.00136997,108.93000,549460.10,255405.53
2026-04-03T00:00:00Z,-0.00055006,109.02000,100367.20,46994.06
2026-04-03T08:00:00Z,0.00238357,109.34000,192362.80,103102.06
2026-04-03T16:00:00Z,0.00082508,109.18000,133172.89,75778.77
2026-04-04T00:00:00Z,0.00045838,109.13000,62168.27,28028.57
2026-04-04T08:00:00Z,0.00119179,109.22000,68606.62,42805.19
2026-04-04T16:00:00Z,0.00146681,109.24000,60258.37,28148.39
2026-04-05T00:00:00Z,0.00201687,109.29000,97694.74,55687.84
2026-04-05T08:00:00Z,0.00406906,109.52000,238049.19,112330.46
2026-04-05T16:00:00Z,-0.00425128,111.16000,441432.14,217750.23
2026-04-06T00:00:00Z,-0.00133265,107.87000,824407.48,404457.50
2026-04-06T08:00:00Z,-0.00111417,109.40000,1064322.43,548532.47
2026-04-06T16:00:00Z,0.00517785,110.22000,580707.11,290039.55
2026-04-07T00:00:00Z,-0.00230453,111.40000,559351.50,285107.72
2026-04-07T08:00:00Z,-0.00114820,109.30000,1490882.20,744320.97
2026-04-07T16:00:00Z,-0.03314775,95.69000,2738302.80,1295201.23
2026-04-08T00:00:00Z,-0.00296001,94.39000,1940547.06,990875.28
2026-04-08T08:00:00Z,-0.00192560,94.50000,2615896.75,1270438.14
2026-04-08T16:00:00Z,-0.00155019,95.94000,1345029.78,651590.45
2026-04-09T00:00:00Z,-0.00162560,97.08000,777552.30,365296.40
2026-04-09T08:00:00Z,-0.00370939,95.09000,1874427.26,927596.63
2026-04-09T16:00:00Z,0.00269815,94.58000,1452938.19,719409.35
2026-04-10T00:00:00Z,-0.00207827,95.10000,550797.13,271462.77
2026-04-10T08:00:00Z,-0.00518991,94.49000,1423969.72,690026.71
2026-04-10T16:00:00Z,0.00036750,92.56000,805792.91,395113.06
2026-04-11T00:00:00Z,-0.00091412,92.43000,209233.54,96137.10
2026-04-11T08:00:00Z,-0.00125384,92.39000,89906.74,38460.12
2026-04-11T16:00:00Z,-0.00405224,92.15000,419552.62,195464.17
2026-04-12T00:00:00Z,0.00534852,92.98000,959637.86,498450.13
2026-04-12T08:00:00Z,0.03355840,95.61000,753017.60,397578.47
2026-04-12T16:00:00Z,-0.00747775,98.20000,1346838.46,687534.14
2026-04-13T00:00:00Z,-0.00193576,97.79000,694961.92,353829.07
2026-04-13T08:00:00Z,-0.00564529,97.70000,1273590.05,642709.58
2026-04-13T16:00:00Z,0.00072146,93.00000,1637120.86,759018.97
2026-04-14T00:00:00Z,-0.00131030,93.94000,816825.17,386034.61
2026-04-14T08:00:00Z,-0.00315491,91.51000,1331229.72,637279.61
2026-04-14T16:00:00Z,0.00200180,89.97000,1173807.94,573094.00
2026-04-15T00:00:00Z,0.00039148,90.77000,532176.55,261536.75
2026-04-15T08:00:00Z,0.00019661,91.62000,922709.19,449025.68
2026-04-15T16:00:00Z,0.00040081,90.43000,417340.44,208822.46
2026-04-16T00:00:00Z,0.00038233,91.87000,255228.09,136575.02
2026-04-16T08:00:00Z,0.00013170,92.94000,776323.73,371708.66
2026-04-16T16:00:00Z,0.00005361,92.90000,519914.68,285226.79
2026-04-17T00:00:00Z,0.00078657,92.73000,369764.33,190934.48
2026-04-17T08:00:00Z,0.00032025,85.63000,3390973.99,1615505.80
2026-04-17T16:00:00Z,0.00117837,87.57000,1236771.83,630569.74
2026-04-18T00:00:00Z,0.00087645,87.54000,96003.78,50847.32
2026-04-18T08:00:00Z,0.00194397,87.64000,726971.71,390962.39
2026-04-18T16:00:00Z,0.00199057,87.64000,314331.51,154216.11
2026-04-19T00:00:00Z,0.01063465,88.43000,378376.81,185209.89
2026-04-19T08:00:00Z,0.00628931,87.94000,758571.11,378847.79
2026-04-19T16:00:00Z,-0.00531328,90.78000,1225967.65,586841.55
2026-04-20T00:00:00Z,0.00064954,90.72000,1109506.66,558950.22
2026-04-20T08:00:00Z,0.00066196,90.71000,1213164.36,581214.49
2026-04-20T16:00:00Z,-0.00044648,89.54000,657414.22,340750.46
2026-04-21T00:00:00Z,0.00138881,90.13000,486638.23,259120.50
2026-04-21T08:00:00Z,0.00007224,93.08000,1195577.00,621271.54
2026-04-21T16:00:00Z,0.00042580,94.00000,2292991.67,1128894.23
2026-04-22T00:00:00Z,-0.00010015,93.14000,511671.47,250104.82
2026-04-22T08:00:00Z,0.00000000,96.29000,1195334.03,601418.48
2026-04-22T16:00:00Z,0.00000000,95.95000,462105.73,228026.66
2026-04-23T00:00:00Z,0.00028224,97.15000,1006059.70,521119.12
2026-04-23T08:00:00Z,0.00000000,98.06000,1078420.72,549830.82
2026-04-23T16:00:00Z,-0.00059770,100.17000,1333102.62,662966.39
2026-04-24T00:00:00Z,-0.00006810,100.29000,441094.86,221021.05
2026-04-24T08:00:00Z,-0.00120686,98.35000,1568801.75,779807.27
2026-04-24T16:00:00Z,-0.00080160,99.72000,660145.65,329333.99
2026-04-25T00:00:00Z,0.00000000,99.80000,114496.73,60931.27
2026-04-25T08:00:00Z,0.00190381,99.98000,84013.19,48300.60
2026-04-25T16:00:00Z,0.00064090,99.87000,179509.73,94977.76
2026-04-26T00:00:00Z,0.00134316,99.95000,49765.84,26789.76
2026-04-26T08:00:00Z,0.00076957,99.88000,196584.10,94995.15
2026-04-26T16:00:00Z,-0.00049378,101.20000,363219.05,181279.13
2026-04-27T00:00:00Z,-0.00117832,101.73000,498931.83,247689.95
2026-04-27T08:00:00Z,-0.00031008,101.30000,665675.49,339933.51
2026-04-27T16:00:00Z,-0.00099115,101.77000,324752.59,163827.55
2026-04-28T00:00:00Z,-0.00174220,104.40000,484997.32,242294.91
2026-04-28T08:00:00Z,-0.00112160,104.00000,1745320.08,893569.20
2026-04-28T16:00:00Z,-0.00096256,103.78000,356326.65,171351.28
2026-04-29T00:00:00Z,-0.00028275,106.03000,632000.76,364797.28
2026-04-29T08:00:00Z,-0.00081066,110.92000,1870690.50,949222.44
2026-04-29T16:00:00Z,-0.00073133,111.58000,1523709.94,757059.41
2026-04-30T00:00:00Z,-0.00116082,111.83000,1355926.57,682273.24
2026-04-30T08:00:00Z,-0.00073013,109.47000,2024544.42,987054.12
2026-04-30T16:00:00Z,-0.00076270,111.36000,655072.45,330563.24
2026-05-01T00:00:00Z,-0.00098756,111.31000,458551.98,231310.99
2026-05-01T08:00:00Z,-0.00040694,107.61000,2137343.09,1054183.10
2026-05-01T16:00:00Z,0.00036755,108.87000,997360.64,520128.53
2026-05-02T00:00:00Z,-0.00088806,108.73000,102876.32,45443.35
2026-05-02T08:00:00Z,-0.00073509,108.74000,44472.42,24325.57
2026-05-02T16:00:00Z,-0.00101075,108.72000,101100.81,42859.35
2026-05-03T00:00:00Z,-0.00152435,108.66000,70342.57,33540.34
2026-05-03T08:00:00Z,-0.00741766,108.08000,252590.82,127472.91
2026-05-03T16:00:00Z,0.00148905,108.39000,953754.57,512422.01
2026-05-04T00:00:00Z,-0.00096207,109.93000,842832.98,410953.61
2026-05-04T08:00:00Z,-0.00184176,113.89000,3021117.92,1544150.71
2026-05-04T16:00:00Z,-0.00115854,113.83000,1158309.06,607962.38
2026-05-05T00:00:00Z,-0.00119415,113.56000,722045.15,397587.28
2026-05-05T08:00:00Z,-0.00023517,110.38000,1528708.02,781675.69
2026-05-05T16:00:00Z,-0.00073375,107.24000,1094462.25,563211.66
2026-05-06T00:00:00Z,-0.00018938,105.55000,854434.25,448582.06
2026-05-06T08:00:00Z,-0.00117474,102.02000,6675660.96,3368861.99
2026-05-06T16:00:00Z,-0.00144476,101.73000,725431.45,362978.70
2026-05-07T00:00:00Z,-0.00207564,99.36000,1623128.43,782692.20
2026-05-07T08:00:00Z,-0.00304700,98.82000,3058869.02,1569793.82
2026-05-07T16:00:00Z,-0.00041773,101.50000,4118105.20,2065382.84
2026-05-08T00:00:00Z,-0.00179587,100.07000,1575323.41,814276.44
2026-05-08T08:00:00Z,-0.00396118,100.58000,2482173.63,1239843.63
2026-05-08T16:00:00Z,0.00038438,98.82000,1087066.11,550865.77
2026-05-09T00:00:00Z,-0.00095531,98.34000,150082.90,69398.21
2026-05-09T08:00:00Z,0.00000000,98.90000,103714.87,58132.52
2026-05-09T16:00:00Z,0.00032117,98.86000,58647.51,30478.57
2026-05-10T00:00:00Z,0.00000957,98.80000,58122.16,22820.36
2026-05-10T08:00:00Z,-0.00078498,98.04000,98488.30,48361.86
2026-05-10T16:00:00Z,-0.00144085,103.24000,923518.87,465040.17
2026-05-11T00:00:00Z,-0.00198221,102.67000,771404.28,367350.18
2026-05-11T08:00:00Z,-0.00356659,102.13000,1167525.60,583466.46
2026-05-11T16:00:00Z,-0.00078485,101.85000,912751.10,469149.84
2026-05-12T00:00:00Z,-0.00201787,103.83000,760280.13,377154.16
2026-05-12T08:00:00Z,-0.00380373,104.77000,2068046.32,1042425.62
2026-05-12T16:00:00Z,-0.00038384,104.17000,734316.63,368163.65
2026-05-13T00:00:00Z,-0.00157632,103.54000,748244.16,369904.76
2026-05-13T08:00:00Z,-0.00309448,103.10000,1021303.48,507364.12
2026-05-13T16:00:00Z,0.00098309,101.82000,656495.46,338624.55
2026-05-14T00:00:00Z,0.00000000,102.50000,648068.99,339464.07
2026-05-14T08:00:00Z,0.00096256,100.87000,1383024.24,694387.05
2026-05-14T16:00:00Z,0.00041307,102.20000,254111.70,134262.87
2026-05-15T00:00:00Z,0.00029050,103.30000,448830.10,232339.41
2026-05-15T08:00:00Z,0.00028656,104.74000,2394871.19,1220127.77
2026-05-15T16:00:00Z,0.00000000,104.78000,673374.19,336846.84
2026-05-16T00:00:00Z,0.00068341,105.23000,119373.80,65856.26
2026-05-16T08:00:00Z,-0.00111214,105.09000,123020.27,61650.07
2026-05-16T16:00:00Z,-0.00046049,105.23000,77827.42,41936.15
2026-05-17T00:00:00Z,-0.00077093,104.95000,72930.39,38470.78
2026-05-17T08:00:00Z,0.00000000,105.64000,87711.40,52371.74
2026-05-17T16:00:00Z,0.00072100,105.96000,292548.48,150270.91
2026-05-18T00:00:00Z,0.00075822,105.61000,648487.85,347666.02
2026-05-18T08:00:00Z,0.00037605,106.41000,2266033.10,1122577.29
2026-05-18T16:00:00Z,0.00009542,104.82000,1093238.80,545265.74
2026-05-19T00:00:00Z,0.00048180,105.63000,427491.01,224231.75
2026-05-19T08:00:00Z,0.00035390,106.43000,839419.73,417504.57
2026-05-19T16:00:00Z,-0.00028206,106.33000,256987.77,131064.30
2026-05-20T00:00:00Z,0.00031984,105.49000,394192.21,201215.44
2026-05-20T08:00:00Z,0.00000000,101.69000,2070793.58,1042853.17
2026-05-20T16:00:00Z,0.00045001,101.50000,1092700.33,533854.89
2026-05-21T00:00:00Z,0.00068657,102.05000,459286.12,248812.54
2026-05-21T08:00:00Z,0.00031009,103.53000,2016179.86,1025353.02
2026-05-21T16:00:00Z,0.00118355,101.52000,1833707.49,896609.30
2026-05-22T00:00:00Z,0.00067660,101.88000,342230.69,176400.18
2026-05-22T08:00:00Z,0.00038885,100.57000,1207216.64,590000.18
2026-05-22T16:00:00Z,0.00219572,102.64000,906722.07,459184.85
2026-05-23T00:00:00Z,-0.00008824,102.67000,237463.42,120849.20
2026-05-23T08:00:00Z,-0.00153051,100.73000,477949.81,228806.83
2026-05-23T16:00:00Z,-0.00113900,93.40000,1990952.46,1040442.04
2026-05-24T00:00:00Z,0.00154531,94.68000,659017.19,323854.30
2026-05-24T08:00:00Z,-0.00280822,96.02000,929561.09,493529.86
2026-05-24T16:00:00Z,0.00046970,95.86000,550056.13,256399.80
2026-05-25T00:00:00Z,0.00026146,95.56000,757739.43,365361.77
2026-05-25T08:00:00Z,0.00079356,94.83000,866579.33,444913.15
2026-05-25T16:00:00Z,0.00086784,94.52000,787372.53,407895.76
2026-05-26T00:00:00Z,0.00023100,96.17000,728364.57,354454.81
2026-05-26T08:00:00Z,0.00026304,97.22000,1174185.82,620931.83
2026-05-26T16:00:00Z,0.00050058,96.47000,324742.63,174916.16
2026-05-27T00:00:00Z,0.00095481,94.37000,474424.21,243304.65
2026-05-27T08:00:00Z,0.00038713,93.51000,2422371.95,1148214.80
2026-05-27T16:00:00Z,0.00061648,93.83000,696005.83,362030.31
2026-05-28T00:00:00Z,0.00122720,94.65000,622111.61,326244.68
2026-05-28T08:00:00Z,-0.00032880,93.21000,2305431.82,1126787.47
2026-05-28T16:00:00Z,0.00024243,92.47000,852787.15,403115.57
2026-05-29T00:00:00Z,0.00004254,92.66000,660593.34,323309.35
2026-05-29T08:00:00Z,0.00060669,91.09000,1844864.21,948399.67
2026-05-29T16:00:00Z,-0.00044561,92.12000,778124.34,369327.46
2026-05-30T00:00:00Z,0.00040517,91.83000,127022.16,62393.38
2026-05-30T08:00:00Z,0.00018583,92.16000,186920.21,88590.36
2026-05-30T16:00:00Z,-0.00001214,92.30000,70014.45,32716.95
2026-05-31T00:00:00Z,-0.00017944,92.50000,77093.43,41546.06
2026-05-31T08:00:00Z,0.00069672,92.89000,104172.22,50584.27
2026-05-31T16:00:00Z,0.00128719,93.03000,353394.89,186329.94
2026-06-01T00:00:00Z,0.00031939,93.96000,580680.59,321529.26
2026-06-01T08:00:00Z,0.00032015,97.02000,2955021.33,1559934.74
2026-06-01T16:00:00Z,0.00073809,94.92000,1342228.69,660696.61
2026-06-02T00:00:00Z,0.00071670,93.66000,502799.85,246653.14
2026-06-02T08:00:00Z,0.00068172,95.56000,1126469.60,578495.09
2026-06-02T16:00:00Z,0.00085655,96.83000,959752.69,520081.66
2026-06-03T00:00:00Z,0.00071465,98.03000,609963.12,318234.44
2026-06-03T08:00:00Z,0.00046462,98.01000,1320982.02,650135.05
2026-06-03T16:00:00Z,0.00075721,97.25000,621903.04,313148.16
2026-06-04T00:00:00Z,0.00004661,97.12000,540712.46,273548.41
2026-06-04T08:00:00Z,0.00046893,95.12000,1501582.03,735551.24
2026-06-04T16:00:00Z,0.00041459,95.40000,353935.02,176999.52
2026-06-05T00:00:00Z,-0.00090756,94.82000,487773.21,233859.94
2026-06-05T08:00:00Z,-0.00164087,93.30000,1414018.99,661548.97
2026-06-05T16:00:00Z,0.00108593,94.05000,635627.38,320989.96
2026-06-06T00:00:00Z,0.00023347,93.33000,360417.01,185340.37
2026-06-06T08:00:00Z,0.00098802,93.95000,167520.64,95232.98
2026-06-06T16:00:00Z,-0.00000289,94.65000,105471.46,60107.89
2026-06-07T00:00:00Z,0.00000000,93.74000,84542.66,40628.71
2026-06-07T08:00:00Z,0.00075447,94.68000,232622.67,118954.34
2026-06-07T16:00:00Z,-0.00073727,94.91000,996953.48,446683.14
2026-06-08T00:00:00Z,-0.00153259,96.92000,866382.65,407803.13
2026-06-08T08:00:00Z,-0.00221082,94.12000,1413489.14,705323.06
2026-06-08T16:00:00Z,-0.00026276,93.51000,340793.22,165584.01
2026-06-09T00:00:00Z,-0.00149866,92.07000,580928.23,289905.74
2026-06-09T08:00:00Z,-0.00186649,89.36000,1085490.68,497998.94
2026-06-09T16:00:00Z,0.00000000,91.51000,1475171.89,737787.48
2026-06-10T00:00:00Z,-0.00132089,90.34000,574623.62,269591.32
2026-06-10T08:00:00Z,-0.00144087,92.53000,1154463.18,560742.51
2026-06-10T16:00:00Z,-0.00012706,93.60000,980548.93,523160.94
2026-06-11T00:00:00Z,-0.00045118,91.37000,871246.37,407660.39
2026-06-11T08:00:00Z,-0.00150511,92.16000,1065775.64,550818.53
2026-06-11T16:00:00Z,0.00150357,87.72000,1179208.73,541804.91
2026-06-12T00:00:00Z,0.00126903,86.44000,626386.63,303760.14
2026-06-12T08:00:00Z,0.00031195,85.89000,1822973.87,901963.86
2026-06-12T16:00:00Z,-0.00007954,84.88000,619360.64,299742.59
2026-06-13T00:00:00Z,0.00081664,84.84000,238900.51,110605.04
2026-06-13T08:00:00Z,0.00000000,84.03000,286412.13,130350.41
2026-06-13T16:00:00Z,0.00000000,84.14000,232463.09,119234.87
2026-06-14T00:00:00Z,-0.00380487,83.21000,173528.67,83581.77
2026-06-14T08:00:00Z,0.00150634,84.70000,680875.73,352984.68
2026-06-14T16:00:00Z,0.00110563,82.95000,1548303.74,697565.74
2026-06-15T00:00:00Z,0.00000000,82.45000,618126.40,297797.49
2026-06-15T08:00:00Z,0.00048846,81.94000,651159.03,357232.74
2026-06-15T16:00:00Z,0.00030638,82.92000,369693.36,214053.58
2026-06-16T00:00:00Z,0.00071842,81.14000,288116.29,151596.55
2026-06-16T08:00:00Z,0.00000000,78.54000,851739.77,385149.56
2026-06-16T16:00:00Z,0.00000000,79.21000,535224.28,236544.32
2026-06-17T00:00:00Z,0.00000000,78.44000,652570.30,314038.92
2026-06-17T08:00:00Z,0.00000000,79.20000,1706833.89,866703.91
2026-06-17T16:00:00Z,0.00077500,78.82000,777195.00,386696.89
2026-06-18T00:00:00Z,-0.00014078,77.79000,523286.05,239468.74
2026-06-18T08:00:00Z,0.00012893,77.39000,1119889.78,552088.64
2026-06-18T16:00:00Z,0.00000000,78.97000,443539.54,230021.18
2026-06-19T00:00:00Z,0.00000000,79.67000,550688.89,293160.81
2026-06-19T08:00:00Z,0.00000000,80.09000,808012.90,416507.39
2026-06-19T16:00:00Z,-0.00034993,80.37000,257985.69,118081.60
2026-06-20T00:00:00Z,-0.00121979,80.89000,225770.89,107165.01
2026-06-20T08:00:00Z,-0.00204830,81.17000,749968.75,361456.60
2026-06-20T16:00:00Z,-0.00104615,81.16000,165555.45,82279.57
2026-06-21T00:00:00Z,0.00000000,81.07000,86481.89,41270.80
2026-06-21T08:00:00Z,0.00000000,81.61000,311536.51,161150.32
2026-06-21T16:00:00Z,0.00160474,81.13000,644089.45,308583.37
2026-06-22T00:00:00Z,0.00002342,79.15000,755820.36,375450.55
2026-06-22T08:00:00Z,0.00041108,77.15000,1082087.95,506979.89
2026-06-22T16:00:00Z,0.00000000,77.78000,272814.49,133030.78
2026-06-23T00:00:00Z,-0.00019476,76.75000,349335.20,169386.93
2026-06-23T08:00:00Z,0.00011017,76.68000,523374.65,254952.19
2026-06-23T16:00:00Z,0.00048164,76.34000,209140.95,108905.41
2026-06-24T00:00:00Z,0.00052931,75.65000,301314.68,153594.38
2026-06-24T08:00:00Z,0.00032406,74.10000,1067572.66,513873.66
2026-06-24T16:00:00Z,0.00056706,73.57000,385034.27,203657.86
2026-06-25T00:00:00Z,0.00018816,73.41000,438103.77,239622.56
2026-06-25T08:00:00Z,-0.00008796,74.95000,682141.91,350545.78
2026-06-25T16:00:00Z,0.00024718,75.21000,281573.49,146055.05
2026-06-26T00:00:00Z,0.00046495,73.48000,332639.72,158955.02
2026-06-26T08:00:00Z,0.00116777,72.54000,1095958.49,581335.59
2026-06-26T16:00:00Z,0.00159889,73.83000,499899.45,278659.91
2026-06-27T00:00:00Z,0.00053375,73.76000,190608.88,95087.36
2026-06-27T08:00:00Z,-0.00083116,73.92000,170119.61,81184.47
2026-06-27T16:00:00Z,0.00155924,74.83000,246737.11,121989.65
2026-06-28T00:00:00Z,-0.00052675,74.96000,452464.43,225917.87
2026-06-28T08:00:00Z,0.00008516,75.04000,264388.94,130413.04
2026-06-28T16:00:00Z,0.00137250,73.11000,677495.03,323911.88
2026-06-29T00:00:00Z,0.00070440,72.79000,341100.84,189353.68
2026-06-29T08:00:00Z,0.00074893,73.86000,593651.03,315235.47
2026-06-29T16:00:00Z,0.00011643,73.45000,253275.73,128323.75
2026-06-30T00:00:00Z,0.00078356,73.54000,207632.70,100293.86
2026-06-30T08:00:00Z,0.00040883,73.41000,631783.18,255952.46
2026-06-30T16:00:00Z,0.00000000,73.50000,311196.18,151393.65
2026-07-01T00:00:00Z,0.00002034,72.93000,202719.57,82926.46
2026-07-01T08:00:00Z,0.00090369,71.28000,980905.68,548532.99
2026-07-01T16:00:00Z,0.00039956,71.15000,309870.15,150550.17
2026-07-02T00:00:00Z,0.00105777,70.92000,346372.81,166278.30
2026-07-02T08:00:00Z,0.00080988,70.82000,661784.22,343910.65
2026-07-02T16:00:00Z,0.00023840,71.56000,218589.54,102231.92
2026-07-03T00:00:00Z,0.00013937,71.77000,218163.69,100129.34
2026-07-03T08:00:00Z,-0.00013872,72.09000,639159.08,289208.14
2026-07-03T16:00:00Z,0.00014737,72.02000,201872.37,91576.57
2026-07-04T00:00:00Z,0.00009720,71.90000,34969.06,17832.49
2026-07-04T08:00:00Z,0.00059647,72.24000,121465.42,78412.44
2026-07-04T16:00:00Z,-0.00089103,71.98000,73378.08,37317.98
2026-07-05T00:00:00Z,0.00000000,72.21000,41973.19,22563.73
2026-07-05T08:00:00Z,-0.00038369,72.01000,65853.63,31086.66
2026-07-05T16:00:00Z,-0.00020951,71.57000,149342.89,71299.69
2026-07-06T00:00:00Z,0.00028118,71.15000,439698.44,214387.94
2026-07-06T08:00:00Z,0.00000000,72.16000,514860.84,220529.23
2026-07-06T16:00:00Z,0.00041654,72.20000,121741.14,64176.25
2026-07-07T00:00:00Z,0.00000000,72.85000,312771.59,157512.20
2026-07-07T08:00:00Z,0.00008438,73.96000,888144.16,401027.74
2026-07-07T16:00:00Z,-0.00026250,76.16000,1210380.96,550521.09
2026-07-08T00:00:00Z,-0.00039484,75.92000,976872.04,455039.96
2026-07-08T08:00:00Z,-0.00140735,80.15000,2975308.95,1470825.98
2026-07-08T16:00:00Z,-0.00086422,78.72000,1386134.70,686048.73
2026-07-09T00:00:00Z,-0.00028563,77.00000,777681.73,354943.89
2026-07-09T08:00:00Z,-0.00010456,76.51000,1119198.52,525932.05
2026-07-09T16:00:00Z,-0.00044286,76.14000,566277.14,282826.10
2026-07-10T00:00:00Z,-0.00039604,75.72000,687995.77,331220.17
2026-07-10T08:00:00Z,-0.00023857,75.47000,1474289.76,715240.73
2026-07-10T16:00:00Z,0.00010749,75.87000,407503.52,199403.13
2026-07-11T00:00:00Z,0.00000000,75.81000,117271.68,66012.72
2026-07-11T08:00:00Z,0.00029090,76.08000,39583.03,18924.32
2026-07-11T16:00:00Z,0.00354597,77.72000,431520.49,225035.77
2026-07-12T00:00:00Z,0.00170341,78.30000,634530.18,312381.01
2026-07-12T08:00:00Z,0.00079733,78.28000,492584.60,234034.14
2026-07-12T16:00:00Z,-0.00019787,78.34000,625772.23,332575.84
