symbol,has_spot,source,checked_at
1000PEPEUSDT,0,exchangeInfo,2026-08-03
AAVEUSDT,1,exchangeInfo,2026-08-03
ADAUSDT,1,exchangeInfo,2026-08-03
ARBUSDT,1,exchangeInfo,2026-08-03
BEATUSDT,0,exchangeInfo,2026-08-03
BNBUSDT,1,exchangeInfo,2026-08-03
BTCUSDT,1,exchangeInfo,2026-08-03
BUSDT,0,exchangeInfo,2026-08-03
BZUSDT,0,exchangeInfo,2026-08-03
CLUSDT,0,exchangeInfo,2026-08-03
CRCLUSDT,0,exchangeInfo,2026-08-03
DEXEUSDT,1,exchangeInfo,2026-08-03
DOGEUSDT,1,exchangeInfo,2026-08-03
DRAMUSDT,0,exchangeInfo,2026-08-03
ENAUSDT,1,exchangeInfo,2026-08-03
ETHUSDT,1,exchangeInfo,2026-08-03
EVAAUSDT,0,exchangeInfo,2026-08-03
EWYUSDT,0,exchangeInfo,2026-08-03
HYPEUSDT,0,exchangeInfo,2026-08-03
KORUUSDT,0,exchangeInfo,2026-08-03
LABUSDT,0,exchangeInfo,2026-08-03
LITUSDT,0,exchangeInfo,2026-08-03
MMTUSDT,1,exchangeInfo,2026-08-03
MSTRUSDT,0,exchangeInfo,2026-08-03
MUUSDT,0,exchangeInfo,2026-08-03
NEARUSDT,1,exchangeInfo,2026-08-03
NVDAUSDT,0,exchangeInfo,2026-08-03
SKHYNIXUSDT,0,exchangeInfo,2026-08-03
SKHYUSDT,0,exchangeInfo,2026-08-03
SKLUSDT,1,exchangeInfo,2026-08-03
SNDKUSDT,0,exchangeInfo,2026-08-03
SOLUSDT,1,exchangeInfo,2026-08-03
SOXLUSDT,0,exchangeInfo,2026-08-03
SPCXUSDT,0,exchangeInfo,2026-08-03
SUIUSDT,1,exchangeInfo,2026-08-03
TAGUSDT,0,exchangeInfo,2026-08-03
UNIUSDT,1,exchangeInfo,2026-08-03
VELVETUSDT,0,exchangeInfo,2026-08-03
VIRTUALUSDT,1,exchangeInfo,2026-08-03
WLDUSDT,1,exchangeInfo,2026-08-03
XAGUSDT,0,exchangeInfo,2026-08-03
XAUUSDT,0,exchangeInfo,2026-08-03
XPINUSDT,0,exchangeInfo,2026-08-03
XRPUSDT,1,exchangeInfo,2026-08-03
ZECUSDT,1,exchangeInfo,2026-08-03
