timestamp,close,volume
2021-01-01T00:00:00Z,0.17517,654388233
2021-01-02T00:00:00Z,0.17759,781281611
2021-01-03T00:00:00Z,0.20670,1533085381
2021-01-04T00:00:00Z,0.22524,1986736544
2021-01-05T00:00:00Z,0.25850,1706453485
2021-01-06T00:00:00Z,0.33310,2235795095
2021-01-07T00:00:00Z,0.29961,1598362034
2021-01-08T00:00:00Z,0.30429,1536358960
2021-01-09T00:00:00Z,0.33120,853182433
2021-01-10T00:00:00Z,0.30187,1054957535
2021-01-11T00:00:00Z,0.27584,1675029700
2021-01-12T00:00:00Z,0.28929,1231461927
2021-01-13T00:00:00Z,0.31246,822559877
2021-01-14T00:00:00Z,0.31240,700999375
2021-01-15T00:00:00Z,0.30207,958099123
2021-01-16T00:00:00Z,0.35125,1310375588
2021-01-17T00:00:00Z,0.38074,1674206543
2021-01-18T00:00:00Z,0.37169,798240774
2021-01-19T00:00:00Z,0.36782,728911877
2021-01-20T00:00:00Z,0.37571,887167304
2021-01-21T00:00:00Z,0.30810,1008064817
2021-01-22T00:00:00Z,0.34874,1244348018
2021-01-23T00:00:00Z,0.34612,618875414
2021-01-24T00:00:00Z,0.35398,619971472
2021-01-25T00:00:00Z,0.34325,554772519
2021-01-26T00:00:00Z,0.34387,507580338
2021-01-27T00:00:00Z,0.31143,590215642
2021-01-28T00:00:00Z,0.34430,627324686
2021-01-29T00:00:00Z,0.34787,756048185
2021-01-30T00:00:00Z,0.36452,546617361
2021-01-31T00:00:00Z,0.34505,384050709
2021-02-01T00:00:00Z,0.40983,910677165
2021-02-02T00:00:00Z,0.42559,1782563060
2021-02-03T00:00:00Z,0.44273,652811955
2021-02-04T00:00:00Z,0.44037,601882858
2021-02-05T00:00:00Z,0.53929,1648562583
2021-02-06T00:00:00Z,0.63596,1805637804
2021-02-07T00:00:00Z,0.66126,2628953923
2021-02-08T00:00:00Z,0.67672,1469923063
2021-02-09T00:00:00Z,0.70682,790524423
2021-02-10T00:00:00Z,0.94300,2659772365
2021-02-11T00:00:00Z,0.93026,1529772510
2021-02-12T00:00:00Z,0.92426,945893680
2021-02-13T00:00:00Z,0.91496,1034676608
2021-02-14T00:00:00Z,0.84508,902811805
2021-02-15T00:00:00Z,0.86003,1656643517
2021-02-16T00:00:00Z,0.87000,867811836
2021-02-17T00:00:00Z,0.89407,698155101
2021-02-18T00:00:00Z,0.91580,880522897
2021-02-19T00:00:00Z,0.92743,741224685
2021-02-20T00:00:00Z,1.11542,2116558333
2021-02-21T00:00:00Z,1.10047,912175720
2021-02-22T00:00:00Z,1.09729,1911239830
2021-02-23T00:00:00Z,0.96177,2284558109
2021-02-24T00:00:00Z,1.04891,1139129917
2021-02-25T00:00:00Z,1.07694,1271954847
2021-02-26T00:00:00Z,1.24484,2252967740
2021-02-27T00:00:00Z,1.31376,2485085084
2021-02-28T00:00:00Z,1.31320,2384198651
2021-03-01T00:00:00Z,1.29800,1225796991
2021-03-02T00:00:00Z,1.22294,936646068
2021-03-03T00:00:00Z,1.21399,597127511
2021-03-04T00:00:00Z,1.11288,1088302958
2021-03-05T00:00:00Z,1.15845,1270747720
2021-03-06T00:00:00Z,1.12936,613067006
2021-03-07T00:00:00Z,1.13081,433234617
2021-03-08T00:00:00Z,1.12040,526132243
2021-03-09T00:00:00Z,1.19879,855618292
2021-03-10T00:00:00Z,1.13289,703303334
2021-03-11T00:00:00Z,1.12587,453426365
2021-03-12T00:00:00Z,1.03356,712506107
2021-03-13T00:00:00Z,1.10128,1001372775
2021-03-14T00:00:00Z,1.05358,548767352
2021-03-15T00:00:00Z,1.03161,670574518
2021-03-16T00:00:00Z,1.25166,1887446399
2021-03-17T00:00:00Z,1.38030,1827768944
2021-03-18T00:00:00Z,1.23068,2742098114
2021-03-19T00:00:00Z,1.29577,1476338182
2021-03-20T00:00:00Z,1.20201,650625869
2021-03-21T00:00:00Z,1.18788,604178588
2021-03-22T00:00:00Z,1.10267,842029018
2021-03-23T00:00:00Z,1.11709,800526432
2021-03-24T00:00:00Z,1.06886,696411248
2021-03-25T00:00:00Z,1.09694,1083561726
2021-03-26T00:00:00Z,1.21608,1247966645
2021-03-27T00:00:00Z,1.17727,560350731
2021-03-28T00:00:00Z,1.19102,389076755
2021-03-29T00:00:00Z,1.20366,397911295
2021-03-30T00:00:00Z,1.21415,425002752
2021-03-31T00:00:00Z,1.19364,569586297
2021-04-01T00:00:00Z,1.18623,396027883
2021-04-02T00:00:00Z,1.19283,529168873
2021-04-03T00:00:00Z,1.16378,638844266
2021-04-04T00:00:00Z,1.18403,326478741
2021-04-05T00:00:00Z,1.21400,548869739
2021-04-06T00:00:00Z,1.25529,1513820825
2021-04-07T00:00:00Z,1.17391,870923868
2021-04-08T00:00:00Z,1.22030,392826243
2021-04-09T00:00:00Z,1.20364,305953279
2021-04-10T00:00:00Z,1.21892,436985297
2021-04-11T00:00:00Z,1.26757,752747575
2021-04-12T00:00:00Z,1.31676,921180555
2021-04-13T00:00:00Z,1.41587,1099545874
2021-04-14T00:00:00Z,1.45412,1921020338
2021-04-15T00:00:00Z,1.48103,822545456
2021-04-16T00:00:00Z,1.41272,1016022210
2021-04-17T00:00:00Z,1.37040,609587507
2021-04-18T00:00:00Z,1.27744,1615721644
2021-04-19T00:00:00Z,1.19490,861736571
2021-04-20T00:00:00Z,1.26764,776519508
2021-04-21T00:00:00Z,1.20426,581295940
2021-04-22T00:00:00Z,1.14487,762698008
2021-04-23T00:00:00Z,1.15866,1602152834
2021-04-24T00:00:00Z,1.10326,762926079
2021-04-25T00:00:00Z,1.09093,569545555
2021-04-26T00:00:00Z,1.23816,776895778
2021-04-27T00:00:00Z,1.30745,657930273
2021-04-28T00:00:00Z,1.33871,695122919
2021-04-29T00:00:00Z,1.30785,961133404
2021-04-30T00:00:00Z,1.35455,507075540
2021-05-01T00:00:00Z,1.35357,389287021
2021-05-02T00:00:00Z,1.32811,428596936
2021-05-03T00:00:00Z,1.36372,467997341
2021-05-04T00:00:00Z,1.27048,753700515
2021-05-05T00:00:00Z,1.48206,906992031
2021-05-06T00:00:00Z,1.65180,2039647790
2021-05-07T00:00:00Z,1.65339,1254756353
2021-05-08T00:00:00Z,1.62207,596115304
2021-05-09T00:00:00Z,1.76859,1411267753
2021-05-10T00:00:00Z,1.64190,1102083130
2021-05-11T00:00:00Z,1.76310,794999414
2021-05-12T00:00:00Z,1.56640,893512829
2021-05-13T00:00:00Z,1.92920,2059322169
2021-05-14T00:00:00Z,2.01010,930367448
2021-05-15T00:00:00Z,2.17560,2036602362
2021-05-16T00:00:00Z,2.30100,1800555517
2021-05-17T00:00:00Z,2.03160,1714291334
2021-05-18T00:00:00Z,2.00460,911302625
2021-05-19T00:00:00Z,1.46550,2972865064
2021-05-20T00:00:00Z,1.79980,1925615389
2021-05-21T00:00:00Z,1.54740,1596844188
2021-05-22T00:00:00Z,1.46250,1259250303
2021-05-23T00:00:00Z,1.31450,2127371804
2021-05-24T00:00:00Z,1.54830,1375036858
2021-05-25T00:00:00Z,1.55280,1137251177
2021-05-26T00:00:00Z,1.77800,1172870161
2021-05-27T00:00:00Z,1.65490,768490110
2021-05-28T00:00:00Z,1.51440,1024846342
2021-05-29T00:00:00Z,1.40100,943437720
2021-05-30T00:00:00Z,1.57540,1320296898
2021-05-31T00:00:00Z,1.73690,1007911491
2021-06-01T00:00:00Z,1.73660,846909077
2021-06-02T00:00:00Z,1.75320,691792701
2021-06-03T00:00:00Z,1.84560,646213062
2021-06-04T00:00:00Z,1.70850,970116819
2021-06-05T00:00:00Z,1.65560,622135499
2021-06-06T00:00:00Z,1.67650,377573055
2021-06-07T00:00:00Z,1.56580,584487914
2021-06-08T00:00:00Z,1.58110,998082102
2021-06-09T00:00:00Z,1.62800,739617209
2021-06-10T00:00:00Z,1.53310,479933425
2021-06-11T00:00:00Z,1.43630,493513595
2021-06-12T00:00:00Z,1.47830,626011966
2021-06-13T00:00:00Z,1.55610,644605323
2021-06-14T00:00:00Z,1.57580,495878853
2021-06-15T00:00:00Z,1.55480,444113479
2021-06-16T00:00:00Z,1.48450,456293927
2021-06-17T00:00:00Z,1.48100,359356700
2021-06-18T00:00:00Z,1.41540,469641185
2021-06-19T00:00:00Z,1.38290,352294689
2021-06-20T00:00:00Z,1.42640,629768763
2021-06-21T00:00:00Z,1.17310,1102087131
2021-06-22T00:00:00Z,1.15620,1738715142
2021-06-23T00:00:00Z,1.25000,898820039
2021-06-24T00:00:00Z,1.35980,919252624
2021-06-25T00:00:00Z,1.25100,1115099105
2021-06-26T00:00:00Z,1.25040,723521602
2021-06-27T00:00:00Z,1.33710,556720365
2021-06-28T00:00:00Z,1.32560,488979621
2021-06-29T00:00:00Z,1.37290,687541491
2021-06-30T00:00:00Z,1.38510,606668549
2021-07-01T00:00:00Z,1.33070,483812287
2021-07-02T00:00:00Z,1.39410,659411383
2021-07-03T00:00:00Z,1.40370,482493562
2021-07-04T00:00:00Z,1.46090,457987724
2021-07-05T00:00:00Z,1.40240,518271322
2021-07-06T00:00:00Z,1.41450,395905727
2021-07-07T00:00:00Z,1.40300,299969739
2021-07-08T00:00:00Z,1.32660,444468212
2021-07-09T00:00:00Z,1.35010,401053364
2021-07-10T00:00:00Z,1.33560,263658055
2021-07-11T00:00:00Z,1.34750,210485359
2021-07-12T00:00:00Z,1.31160,285495428
2021-07-13T00:00:00Z,1.26440,330577585
2021-07-14T00:00:00Z,1.26300,468886621
2021-07-15T00:00:00Z,1.22530,328441574
2021-07-16T00:00:00Z,1.17030,381033264
2021-07-17T00:00:00Z,1.17130,305716668
2021-07-18T00:00:00Z,1.18080,275642829
2021-07-19T00:00:00Z,1.12140,322573125
2021-07-20T00:00:00Z,1.05340,624696915
2021-07-21T00:00:00Z,1.17050,674733362
2021-07-22T00:00:00Z,1.18510,356031278
2021-07-23T00:00:00Z,1.20770,311228187
2021-07-24T00:00:00Z,1.23240,344805903
2021-07-25T00:00:00Z,1.22740,277873446
2021-07-26T00:00:00Z,1.25470,949132922
2021-07-27T00:00:00Z,1.27900,527338572
2021-07-28T00:00:00Z,1.28710,433486943
2021-07-29T00:00:00Z,1.28490,322688234
2021-07-30T00:00:00Z,1.31010,386869233
2021-07-31T00:00:00Z,1.31890,275255726
2021-08-01T00:00:00Z,1.31400,451896410
2021-08-02T00:00:00Z,1.30840,308397718
2021-08-03T00:00:00Z,1.36960,577700036
2021-08-04T00:00:00Z,1.37640,427468082
2021-08-05T00:00:00Z,1.38670,376164216
2021-08-06T00:00:00Z,1.40240,388871087
2021-08-07T00:00:00Z,1.47360,523117210
2021-08-08T00:00:00Z,1.42640,433161032
2021-08-09T00:00:00Z,1.47580,431221124
2021-08-10T00:00:00Z,1.67960,808623922
2021-08-11T00:00:00Z,1.79550,1195568067
2021-08-12T00:00:00Z,1.83410,1041488426
2021-08-13T00:00:00Z,2.14110,1831993666
2021-08-14T00:00:00Z,2.19010,1620962973
2021-08-15T00:00:00Z,2.16910,1008182636
2021-08-16T00:00:00Z,2.07300,687087079
2021-08-17T00:00:00Z,1.92500,871572015
2021-08-18T00:00:00Z,2.10570,1122014771
2021-08-19T00:00:00Z,2.44590,1632925276
2021-08-20T00:00:00Z,2.45800,1692880724
2021-08-21T00:00:00Z,2.43710,855037601
2021-08-22T00:00:00Z,2.70640,1242275901
2021-08-23T00:00:00Z,2.91950,1708628999
2021-08-24T00:00:00Z,2.72110,1683830463
2021-08-25T00:00:00Z,2.74020,1153462484
2021-08-26T00:00:00Z,2.53090,1185853605
2021-08-27T00:00:00Z,2.94950,1398428284
2021-08-28T00:00:00Z,2.84980,721351253
2021-08-29T00:00:00Z,2.85230,799082488
2021-08-30T00:00:00Z,2.73550,655290313
2021-08-31T00:00:00Z,2.76970,711562182
2021-09-01T00:00:00Z,2.87370,553913769
2021-09-02T00:00:00Z,2.96320,1027497049
2021-09-03T00:00:00Z,2.96700,536473107
2021-09-04T00:00:00Z,2.83550,487360020
2021-09-05T00:00:00Z,2.91480,442825738
2021-09-06T00:00:00Z,2.83550,443515213
2021-09-07T00:00:00Z,2.51150,1779419444
2021-09-08T00:00:00Z,2.47000,1019815043
2021-09-09T00:00:00Z,2.51830,701751588
2021-09-10T00:00:00Z,2.38310,672811331
2021-09-11T00:00:00Z,2.63670,1209350360
2021-09-12T00:00:00Z,2.58120,1032750133
2021-09-13T00:00:00Z,2.40040,844052437
2021-09-14T00:00:00Z,2.39750,438087417
2021-09-15T00:00:00Z,2.50590,624460081
2021-09-16T00:00:00Z,2.41850,443881213
2021-09-17T00:00:00Z,2.35240,329287550
2021-09-18T00:00:00Z,2.37220,276813490
2021-09-19T00:00:00Z,2.28340,336241522
2021-09-20T00:00:00Z,2.08000,997046822
2021-09-21T00:00:00Z,1.98600,1003852590
2021-09-22T00:00:00Z,2.25560,601248439
2021-09-23T00:00:00Z,2.32560,453276198
2021-09-24T00:00:00Z,2.27770,924059145
2021-09-25T00:00:00Z,2.29800,760930744
2021-09-26T00:00:00Z,2.20510,520808079
2021-09-27T00:00:00Z,2.12700,360869205
2021-09-28T00:00:00Z,2.03530,390116563
2021-09-29T00:00:00Z,2.06460,345392775
2021-09-30T00:00:00Z,2.11500,303148112
2021-10-01T00:00:00Z,2.25550,441595185
2021-10-02T00:00:00Z,2.24850,350148471
2021-10-03T00:00:00Z,2.25360,341118372
2021-10-04T00:00:00Z,2.19250,388906311
2021-10-05T00:00:00Z,2.23500,311506959
2021-10-06T00:00:00Z,2.21190,432734570
2021-10-07T00:00:00Z,2.28030,570491850
2021-10-08T00:00:00Z,2.23840,307634701
2021-10-09T00:00:00Z,2.27100,237744194
2021-10-10T00:00:00Z,2.18830,262436051
2021-10-11T00:00:00Z,2.17050,294625433
2021-10-12T00:00:00Z,2.11970,363424765
2021-10-13T00:00:00Z,2.19130,321466835
2021-10-14T00:00:00Z,2.17480,290475991
2021-10-15T00:00:00Z,2.21990,475673797
2021-10-16T00:00:00Z,2.18080,261827352
2021-10-17T00:00:00Z,2.16120,254593935
2021-10-18T00:00:00Z,2.13020,216449331
2021-10-19T00:00:00Z,2.11210,215719676
2021-10-20T00:00:00Z,2.19240,358032674
2021-10-21T00:00:00Z,2.13760,645105347
2021-10-22T00:00:00Z,2.15890,324677002
2021-10-23T00:00:00Z,2.16910,189049017
2021-10-24T00:00:00Z,2.12190,231533837
2021-10-25T00:00:00Z,2.14650,249857792
2021-10-26T00:00:00Z,2.14030,391197910
2021-10-27T00:00:00Z,1.91280,890913218
2021-10-28T00:00:00Z,1.98780,462974055
2021-10-29T00:00:00Z,2.01780,281408058
2021-10-30T00:00:00Z,1.95790,226887951
2021-10-31T00:00:00Z,1.96750,257834703
2021-11-01T00:00:00Z,1.94960,292395245
2021-11-02T00:00:00Z,1.97250,273425878
2021-11-03T00:00:00Z,2.06500,767275327
2021-11-04T00:00:00Z,1.98370,381582737
2021-11-05T00:00:00Z,1.98300,224980499
2021-11-06T00:00:00Z,2.00580,234402421
2021-11-07T00:00:00Z,2.02290,194188232
2021-11-08T00:00:00Z,2.12770,426661527
2021-11-09T00:00:00Z,2.27160,1263234984
2021-11-10T00:00:00Z,2.09700,981918198
2021-11-11T00:00:00Z,2.07960,439865971
2021-11-12T00:00:00Z,2.04710,454834255
2021-11-13T00:00:00Z,2.05100,234519001
2021-11-14T00:00:00Z,2.04110,189700720
2021-11-15T00:00:00Z,2.02030,246839043
2021-11-16T00:00:00Z,1.87370,684844457
2021-11-17T00:00:00Z,1.87620,371678827
2021-11-18T00:00:00Z,1.78690,431837558
2021-11-19T00:00:00Z,1.86310,306397836
2021-11-20T00:00:00Z,1.92200,293136607
2021-11-21T00:00:00Z,1.83600,185925925
2021-11-22T00:00:00Z,1.77790,299438178
2021-11-23T00:00:00Z,1.75190,278466007
2021-11-24T00:00:00Z,1.66520,633183430
2021-11-25T00:00:00Z,1.67700,441090344
2021-11-26T00:00:00Z,1.53260,713988510
2021-11-27T00:00:00Z,1.54410,262644412
2021-11-28T00:00:00Z,1.59350,538113596
2021-11-29T00:00:00Z,1.60210,376904334
2021-11-30T00:00:00Z,1.55440,404326278
2021-12-01T00:00:00Z,1.54730,342585339
2021-12-02T00:00:00Z,1.72120,1021667583
2021-12-03T00:00:00Z,1.55620,598614762
2021-12-04T00:00:00Z,1.41870,1241227092
2021-12-05T00:00:00Z,1.37800,544001369
2021-12-06T00:00:00Z,1.41840,584816923
2021-12-07T00:00:00Z,1.37850,413279780
2021-12-08T00:00:00Z,1.39590,376556282
2021-12-09T00:00:00Z,1.28750,404260975
2021-12-10T00:00:00Z,1.20970,429168182
2021-12-11T00:00:00Z,1.35340,458054242
2021-12-12T00:00:00Z,1.34540,410245416
2021-12-13T00:00:00Z,1.22340,470874857
2021-12-14T00:00:00Z,1.26520,413663179
2021-12-15T00:00:00Z,1.31040,450604680
2021-12-16T00:00:00Z,1.23910,305521670
2021-12-17T00:00:00Z,1.21700,382962199
2021-12-18T00:00:00Z,1.24170,236604132
2021-12-19T00:00:00Z,1.24370,355643883
2021-12-20T00:00:00Z,1.23730,339353228
2021-12-21T00:00:00Z,1.27960,322335698
2021-12-22T00:00:00Z,1.32730,372151772
2021-12-23T00:00:00Z,1.47300,557349761
2021-12-24T00:00:00Z,1.39290,318043236
2021-12-25T00:00:00Z,1.45280,246969754
2021-12-26T00:00:00Z,1.45470,270982127
2021-12-27T00:00:00Z,1.51590,504719555
2021-12-28T00:00:00Z,1.39850,680091126
2021-12-29T00:00:00Z,1.33160,487929204
2021-12-30T00:00:00Z,1.35760,387984438
2021-12-31T00:00:00Z,1.30760,379559856
2022-01-01T00:00:00Z,1.37810,244489059
2022-01-02T00:00:00Z,1.37690,257741244
2022-01-03T00:00:00Z,1.31960,275619026
2022-01-04T00:00:00Z,1.30930,312624584
2022-01-05T00:00:00Z,1.22970,471045166
2022-01-06T00:00:00Z,1.27880,491210900
2022-01-07T00:00:00Z,1.20900,582187798
2022-01-08T00:00:00Z,1.18140,558929616
2022-01-09T00:00:00Z,1.17000,366939524
2022-01-10T00:00:00Z,1.12240,602719574
2022-01-11T00:00:00Z,1.18670,379967743
2022-01-12T00:00:00Z,1.31220,458097132
2022-01-13T00:00:00Z,1.23130,562607582
2022-01-14T00:00:00Z,1.29170,475393449
2022-01-15T00:00:00Z,1.29140,284569750
2022-01-16T00:00:00Z,1.41050,794152908
2022-01-17T00:00:00Z,1.59990,2027251965
2022-01-18T00:00:00Z,1.45770,1710645521
2022-01-19T00:00:00Z,1.33530,1455211099
2022-01-20T00:00:00Z,1.25750,1154574077
2022-01-21T00:00:00Z,1.12020,1448933473
2022-01-22T00:00:00Z,1.07050,2382897119
2022-01-23T00:00:00Z,1.12380,1018143962
2022-01-24T00:00:00Z,1.06530,1445363459
2022-01-25T00:00:00Z,1.04150,815940637
2022-01-26T00:00:00Z,1.07670,1234682477
2022-01-27T00:00:00Z,1.04160,851772005
2022-01-28T00:00:00Z,1.04780,632356960
2022-01-29T00:00:00Z,1.05870,463425067
2022-01-30T00:00:00Z,1.03430,390309307
2022-01-31T00:00:00Z,1.05100,466168181
2022-02-01T00:00:00Z,1.09460,492512967
2022-02-02T00:00:00Z,1.02590,531992617
2022-02-03T00:00:00Z,1.06000,492809420
2022-02-04T00:00:00Z,1.13830,553327121
2022-02-05T00:00:00Z,1.12450,660926830
2022-02-06T00:00:00Z,1.14230,487631306
2022-02-07T00:00:00Z,1.19790,738500976
2022-02-08T00:00:00Z,1.17410,872416877
2022-02-09T00:00:00Z,1.19400,456279946
2022-02-10T00:00:00Z,1.14980,577463243
2022-02-11T00:00:00Z,1.07920,454032058
2022-02-12T00:00:00Z,1.05790,496201343
2022-02-13T00:00:00Z,1.04150,347561280
2022-02-14T00:00:00Z,1.04870,427660199
2022-02-15T00:00:00Z,1.10740,451370339
2022-02-16T00:00:00Z,1.08260,383246511
2022-02-17T00:00:00Z,1.01930,432262084
2022-02-18T00:00:00Z,0.99490,511079888
2022-02-19T00:00:00Z,0.99590,395539785
2022-02-20T00:00:00Z,0.93080,623402427
2022-02-21T00:00:00Z,0.85630,1059776206
2022-02-22T00:00:00Z,0.88700,1036260170
2022-02-23T00:00:00Z,0.86550,972672410
2022-02-24T00:00:00Z,0.85230,2023818709
2022-02-25T00:00:00Z,0.89810,823108210
2022-02-26T00:00:00Z,0.88660,555618568
2022-02-27T00:00:00Z,0.85600,705517731
2022-02-28T00:00:00Z,0.96170,906266661
2022-03-01T00:00:00Z,0.96320,765838195
2022-03-02T00:00:00Z,0.93830,595595599
2022-03-03T00:00:00Z,0.90140,495072312
2022-03-04T00:00:00Z,0.84380,613558216
2022-03-05T00:00:00Z,0.86450,434256518
2022-03-06T00:00:00Z,0.82220,403531834
2022-03-07T00:00:00Z,0.79250,619363426
2022-03-08T00:00:00Z,0.80120,605092753
2022-03-09T00:00:00Z,0.84870,523374012
2022-03-10T00:00:00Z,0.80620,501424124
2022-03-11T00:00:00Z,0.78810,430638376
2022-03-12T00:00:00Z,0.78910,228557215
2022-03-13T00:00:00Z,0.78650,431676907
2022-03-14T00:00:00Z,0.80240,467040705
2022-03-15T00:00:00Z,0.79880,424967871
2022-03-16T00:00:00Z,0.83840,610369483
2022-03-17T00:00:00Z,0.83540,336752883
2022-03-18T00:00:00Z,0.85120,320184335
2022-03-19T00:00:00Z,0.90240,444981238
2022-03-20T00:00:00Z,0.87800,358722268
2022-03-21T00:00:00Z,0.91660,489271748
2022-03-22T00:00:00Z,0.97440,696600952
2022-03-23T00:00:00Z,1.10640,1433210457
2022-03-24T00:00:00Z,1.13060,1596781161
2022-03-25T00:00:00Z,1.09600,1044081878
2022-03-26T00:00:00Z,1.15150,655844903
2022-03-27T00:00:00Z,1.18310,521525689
2022-03-28T00:00:00Z,1.16940,835282115
2022-03-29T00:00:00Z,1.19020,637038089
2022-03-30T00:00:00Z,1.19030,481309278
2022-03-31T00:00:00Z,1.14150,634744011
2022-04-01T00:00:00Z,1.16570,606755411
2022-04-02T00:00:00Z,1.15560,428563331
2022-04-03T00:00:00Z,1.18620,339848281
2022-04-04T00:00:00Z,1.21180,925648259
2022-04-05T00:00:00Z,1.17000,426036842
2022-04-06T00:00:00Z,1.05190,779884837
2022-04-07T00:00:00Z,1.08800,488928575
2022-04-08T00:00:00Z,1.02450,402683093
2022-04-09T00:00:00Z,1.04400,245574469
2022-04-10T00:00:00Z,1.02600,288951657
2022-04-11T00:00:00Z,0.91990,819904038
2022-04-12T00:00:00Z,0.95380,570506074
2022-04-13T00:00:00Z,0.97390,430823982
2022-04-14T00:00:00Z,0.93170,409438647
2022-04-15T00:00:00Z,0.95500,280133605
2022-04-16T00:00:00Z,0.95050,219594238
2022-04-17T00:00:00Z,0.91390,268068244
2022-04-18T00:00:00Z,0.93600,590455286
2022-04-19T00:00:00Z,0.95220,360982140
2022-04-20T00:00:00Z,0.93610,447863105
2022-04-21T00:00:00Z,0.90880,515536126
2022-04-22T00:00:00Z,0.90530,415144416
2022-04-23T00:00:00Z,0.88650,215720872
2022-04-24T00:00:00Z,0.88510,281346475
2022-04-25T00:00:00Z,0.89700,671566665
2022-04-26T00:00:00Z,0.82530,604383148
2022-04-27T00:00:00Z,0.83990,480711563
2022-04-28T00:00:00Z,0.84290,446406715
2022-04-29T00:00:00Z,0.80460,435182400
2022-04-30T00:00:00Z,0.75480,489688145
2022-05-01T00:00:00Z,0.78870,504802656
2022-05-02T00:00:00Z,0.78040,445932176
2022-05-03T00:00:00Z,0.77060,368895044
2022-05-04T00:00:00Z,0.89830,945451068
2022-05-05T00:00:00Z,0.78770,1097368267
2022-05-06T00:00:00Z,0.78290,757117644
2022-05-07T00:00:00Z,0.75990,423401066
2022-05-08T00:00:00Z,0.73990,617956997
2022-05-09T00:00:00Z,0.60120,1702795997
2022-05-10T00:00:00Z,0.62810,1678563366
2022-05-11T00:00:00Z,0.51760,2166068595
2022-05-12T00:00:00Z,0.47300,2057510228
2022-05-13T00:00:00Z,0.52860,1400771020
2022-05-14T00:00:00Z,0.53700,790654808
2022-05-15T00:00:00Z,0.59770,752717127
2022-05-16T00:00:00Z,0.55660,989595558
2022-05-17T00:00:00Z,0.57720,687615111
2022-05-18T00:00:00Z,0.50590,768225227
2022-05-19T00:00:00Z,0.53310,879207912
2022-05-20T00:00:00Z,0.51580,748216549
2022-05-21T00:00:00Z,0.52830,494756907
2022-05-22T00:00:00Z,0.54130,517542464
2022-05-23T00:00:00Z,0.51290,801327196
2022-05-24T00:00:00Z,0.52170,745556346
2022-05-25T00:00:00Z,0.51420,649137194
2022-05-26T00:00:00Z,0.47850,942826549
2022-05-27T00:00:00Z,0.45630,1186177554
2022-05-28T00:00:00Z,0.46410,535116617
2022-05-29T00:00:00Z,0.48160,517007158
2022-05-30T00:00:00Z,0.56970,1145299829
2022-05-31T00:00:00Z,0.62640,3124546183
2022-06-01T00:00:00Z,0.55120,1629498119
2022-06-02T00:00:00Z,0.58670,1466161481
2022-06-03T00:00:00Z,0.55960,1163679098
2022-06-04T00:00:00Z,0.56620,768390809
2022-06-05T00:00:00Z,0.56710,660535663
2022-06-06T00:00:00Z,0.60870,1630438288
2022-06-07T00:00:00Z,0.61380,1915672231
2022-06-08T00:00:00Z,0.64040,1763655292
2022-06-09T00:00:00Z,0.63190,1031902122
2022-06-10T00:00:00Z,0.57380,1337782024
2022-06-11T00:00:00Z,0.55370,1612689531
2022-06-12T00:00:00Z,0.48960,1914763137
2022-06-13T00:00:00Z,0.46380,3811599121
2022-06-14T00:00:00Z,0.48280,2780360634
2022-06-15T00:00:00Z,0.53450,2703566826
2022-06-16T00:00:00Z,0.47570,1527215260
2022-06-17T00:00:00Z,0.48690,1081299930
2022-06-18T00:00:00Z,0.45450,1768862762
2022-06-19T00:00:00Z,0.48470,1338274704
2022-06-20T00:00:00Z,0.49140,1336725917
2022-06-21T00:00:00Z,0.48100,1157263564
2022-06-22T00:00:00Z,0.45890,1043652325
2022-06-23T00:00:00Z,0.47960,793304870
2022-06-24T00:00:00Z,0.49800,1034591136
2022-06-25T00:00:00Z,0.49820,723803871
2022-06-26T00:00:00Z,0.48950,999813516
2022-06-27T00:00:00Z,0.48520,813382182
2022-06-28T00:00:00Z,0.46900,864371067
2022-06-29T00:00:00Z,0.46570,875459149
2022-06-30T00:00:00Z,0.45940,1161074780
2022-07-01T00:00:00Z,0.44850,1022773081
2022-07-02T00:00:00Z,0.45550,620933954
2022-07-03T00:00:00Z,0.45590,547024838
2022-07-04T00:00:00Z,0.46930,994814152
2022-07-05T00:00:00Z,0.45680,916317976
2022-07-06T00:00:00Z,0.46200,709414300
2022-07-07T00:00:00Z,0.47730,689495539
2022-07-08T00:00:00Z,0.46560,824345006
2022-07-09T00:00:00Z,0.47770,565839185
2022-07-10T00:00:00Z,0.46210,598413386
2022-07-11T00:00:00Z,0.43440,803593897
2022-07-12T00:00:00Z,0.41670,906265922
2022-07-13T00:00:00Z,0.43790,1386469760
2022-07-14T00:00:00Z,0.44140,996697151
2022-07-15T00:00:00Z,0.44170,850978870
2022-07-16T00:00:00Z,0.45770,711209579
2022-07-17T00:00:00Z,0.44750,676287736
2022-07-18T00:00:00Z,0.49000,1347898628
2022-07-19T00:00:00Z,0.51490,1390074294
2022-07-20T00:00:00Z,0.49070,1475731091
2022-07-21T00:00:00Z,0.49920,1013479474
2022-07-22T00:00:00Z,0.48250,816273073
2022-07-23T00:00:00Z,0.51680,957551536
2022-07-24T00:00:00Z,0.51190,1084474624
2022-07-25T00:00:00Z,0.47470,904321076
2022-07-26T00:00:00Z,0.46740,828373359
2022-07-27T00:00:00Z,0.51100,1055581483
2022-07-28T00:00:00Z,0.51280,1052284013
2022-07-29T00:00:00Z,0.52170,1314293479
2022-07-30T00:00:00Z,0.52630,1083996951
2022-07-31T00:00:00Z,0.51580,703420593
2022-08-01T00:00:00Z,0.51220,628744619
2022-08-02T00:00:00Z,0.49590,751006654
2022-08-03T00:00:00Z,0.50010,572694003
2022-08-04T00:00:00Z,0.49930,494508241
2022-08-05T00:00:00Z,0.51730,528451881
2022-08-06T00:00:00Z,0.51110,366007425
2022-08-07T00:00:00Z,0.52720,489114422
2022-08-08T00:00:00Z,0.53660,716449988
2022-08-09T00:00:00Z,0.51240,621509769
2022-08-10T00:00:00Z,0.53720,756049392
2022-08-11T00:00:00Z,0.53030,784356264
2022-08-12T00:00:00Z,0.54000,586008609
2022-08-13T00:00:00Z,0.55910,952019653
2022-08-14T00:00:00Z,0.56930,1331755099
2022-08-15T00:00:00Z,0.54970,992294302
2022-08-16T00:00:00Z,0.55650,859807999
2022-08-17T00:00:00Z,0.53820,1233631112
2022-08-18T00:00:00Z,0.51150,778685156
2022-08-19T00:00:00Z,0.44960,1586664270
2022-08-20T00:00:00Z,0.45020,986297366
2022-08-21T00:00:00Z,0.46220,855066084
2022-08-22T00:00:00Z,0.46120,969345524
2022-08-23T00:00:00Z,0.46530,682568109
2022-08-24T00:00:00Z,0.45740,655734653
2022-08-25T00:00:00Z,0.46420,655061070
2022-08-26T00:00:00Z,0.43110,1907952988
2022-08-27T00:00:00Z,0.44950,969132007
2022-08-28T00:00:00Z,0.42880,748414321
2022-08-29T00:00:00Z,0.45000,775217944
2022-08-30T00:00:00Z,0.45280,998848659
2022-08-31T00:00:00Z,0.44570,823582795
2022-09-01T00:00:00Z,0.45720,824578210
2022-09-02T00:00:00Z,0.45400,730285314
2022-09-03T00:00:00Z,0.47990,1221877749
2022-09-04T00:00:00Z,0.50330,1709708306
2022-09-05T00:00:00Z,0.49830,1113118559
2022-09-06T00:00:00Z,0.46240,1588515305
2022-09-07T00:00:00Z,0.47840,1025570243
2022-09-08T00:00:00Z,0.47900,868847482
2022-09-09T00:00:00Z,0.50200,1036535831
2022-09-10T00:00:00Z,0.51170,1153655154
2022-09-11T00:00:00Z,0.50950,776999853
2022-09-12T00:00:00Z,0.50130,953413702
2022-09-13T00:00:00Z,0.46320,1172596873
2022-09-14T00:00:00Z,0.48050,853086413
2022-09-15T00:00:00Z,0.46580,826753891
2022-09-16T00:00:00Z,0.47430,635763151
2022-09-17T00:00:00Z,0.48540,512696833
2022-09-18T00:00:00Z,0.44750,764389674
2022-09-19T00:00:00Z,0.45220,798203687
2022-09-20T00:00:00Z,0.44180,633512557
2022-09-21T00:00:00Z,0.43810,1501331966
2022-09-22T00:00:00Z,0.45810,918491634
2022-09-23T00:00:00Z,0.46170,1262628648
2022-09-24T00:00:00Z,0.45070,678678607
2022-09-25T00:00:00Z,0.44610,624865276
2022-09-26T00:00:00Z,0.44700,725367802
2022-09-27T00:00:00Z,0.44090,810408724
2022-09-28T00:00:00Z,0.43590,777662307
2022-09-29T00:00:00Z,0.43790,612265971
2022-09-30T00:00:00Z,0.43460,622385289
2022-10-01T00:00:00Z,0.42980,335990815
2022-10-02T00:00:00Z,0.41920,489745038
2022-10-03T00:00:00Z,0.42740,555471638
2022-10-04T00:00:00Z,0.43520,513914126
2022-10-05T00:00:00Z,0.43070,497180098
2022-10-06T00:00:00Z,0.42850,495468133
2022-10-07T00:00:00Z,0.42380,420219035
2022-10-08T00:00:00Z,0.42170,267211517
2022-10-09T00:00:00Z,0.42280,243276557
2022-10-10T00:00:00Z,0.40070,715127288
2022-10-11T00:00:00Z,0.39050,866840040
2022-10-12T00:00:00Z,0.38090,687660624
2022-10-13T00:00:00Z,0.37640,1678293268
2022-10-14T00:00:00Z,0.36630,867850299
2022-10-15T00:00:00Z,0.36370,453877419
2022-10-16T00:00:00Z,0.37010,459525050
2022-10-17T00:00:00Z,0.37210,475683807
2022-10-18T00:00:00Z,0.36210,809777089
2022-10-19T00:00:00Z,0.34950,670411969
2022-10-20T00:00:00Z,0.33990,851096166
2022-10-21T00:00:00Z,0.34890,983490717
2022-10-22T00:00:00Z,0.35110,536510259
2022-10-23T00:00:00Z,0.36170,642619632
2022-10-24T00:00:00Z,0.35710,735796573
2022-10-25T00:00:00Z,0.39990,2528936690
2022-10-26T00:00:00Z,0.40260,1661469452
2022-10-27T00:00:00Z,0.38800,1374507019
2022-10-28T00:00:00Z,0.40420,1100149540
2022-10-29T00:00:00Z,0.41990,1136392554
2022-10-30T00:00:00Z,0.40540,681746074
2022-10-31T00:00:00Z,0.40530,786896907
2022-11-01T00:00:00Z,0.40090,563416115
2022-11-02T00:00:00Z,0.38540,1096543146
2022-11-03T00:00:00Z,0.38900,623929675
2022-11-04T00:00:00Z,0.42120,1106152367
2022-11-05T00:00:00Z,0.42620,763114464
2022-11-06T00:00:00Z,0.40180,624036405
2022-11-07T00:00:00Z,0.40390,780092073
2022-11-08T00:00:00Z,0.37200,2121618705
2022-11-09T00:00:00Z,0.31710,2212545432
2022-11-10T00:00:00Z,0.36860,1661138379
2022-11-11T00:00:00Z,0.35550,786457454
2022-11-12T00:00:00Z,0.33960,442033895
2022-11-13T00:00:00Z,0.32960,502404102
2022-11-14T00:00:00Z,0.33210,833164380
2022-11-15T00:00:00Z,0.33710,567401295
2022-11-16T00:00:00Z,0.33170,566933069
2022-11-17T00:00:00Z,0.32490,499300397
2022-11-18T00:00:00Z,0.32560,535553951
2022-11-19T00:00:00Z,0.32790,371711629
2022-11-20T00:00:00Z,0.31190,614213592
2022-11-21T00:00:00Z,0.30440,1107773178
2022-11-22T00:00:00Z,0.31240,802711491
2022-11-23T00:00:00Z,0.31830,687065404
2022-11-24T00:00:00Z,0.31620,507778926
2022-11-25T00:00:00Z,0.31450,499778791
2022-11-26T00:00:00Z,0.31360,441879763
2022-11-27T00:00:00Z,0.31250,347936142
2022-11-28T00:00:00Z,0.30640,657665254
2022-11-29T00:00:00Z,0.30900,466154738
2022-11-30T00:00:00Z,0.31860,693546736
2022-12-01T00:00:00Z,0.31430,450700115
2022-12-02T00:00:00Z,0.31900,423092016
2022-12-03T00:00:00Z,0.31940,568626686
2022-12-04T00:00:00Z,0.32200,385383265
2022-12-05T00:00:00Z,0.31920,521209143
2022-12-06T00:00:00Z,0.31790,341533628
2022-12-07T00:00:00Z,0.31000,488719628
2022-12-08T00:00:00Z,0.31430,458689736
2022-12-09T00:00:00Z,0.31160,398224160
2022-12-10T00:00:00Z,0.31230,202562035
2022-12-11T00:00:00Z,0.30710,316269560
2022-12-12T00:00:00Z,0.30670,407750481
2022-12-13T00:00:00Z,0.31410,681976096
2022-12-14T00:00:00Z,0.30780,521295709
2022-12-15T00:00:00Z,0.30010,462951395
2022-12-16T00:00:00Z,0.26310,937701152
2022-12-17T00:00:00Z,0.26690,523070557
2022-12-18T00:00:00Z,0.26580,393993096
2022-12-19T00:00:00Z,0.25280,679970740
2022-12-20T00:00:00Z,0.25850,434366386
2022-12-21T00:00:00Z,0.25330,574275186
2022-12-22T00:00:00Z,0.25660,539242582
2022-12-23T00:00:00Z,0.25940,557378301
2022-12-24T00:00:00Z,0.25890,223340588
2022-12-25T00:00:00Z,0.25890,318655556
2022-12-26T00:00:00Z,0.26520,403547978
2022-12-27T00:00:00Z,0.26020,449216792
2022-12-28T00:00:00Z,0.24800,698923820
2022-12-29T00:00:00Z,0.24360,709331413
2022-12-30T00:00:00Z,0.24570,535671862
2022-12-31T00:00:00Z,0.24560,457098881
2023-01-01T00:00:00Z,0.24980,370864237
2023-01-02T00:00:00Z,0.25350,508893524
2023-01-03T00:00:00Z,0.25260,447189214
2023-01-04T00:00:00Z,0.26750,1024979473
2023-01-05T00:00:00Z,0.26910,689649566
2023-01-06T00:00:00Z,0.27840,1503479068
2023-01-07T00:00:00Z,0.27660,518900498
2023-01-08T00:00:00Z,0.29750,1515064293
2023-01-09T00:00:00Z,0.31680,2740636621
2023-01-10T00:00:00Z,0.32230,1261298457
2023-01-11T00:00:00Z,0.32300,1008913032
2023-01-12T00:00:00Z,0.32930,1391534713
2023-01-13T00:00:00Z,0.34550,1059740700
2023-01-14T00:00:00Z,0.35250,1467767450
2023-01-15T00:00:00Z,0.35100,690223786
2023-01-16T00:00:00Z,0.35030,934427622
2023-01-17T00:00:00Z,0.34550,660267003
2023-01-18T00:00:00Z,0.32650,1055476461
2023-01-19T00:00:00Z,0.33800,657159246
2023-01-20T00:00:00Z,0.36500,839095555
2023-01-21T00:00:00Z,0.36870,971360899
2023-01-22T00:00:00Z,0.37640,990837206
2023-01-23T00:00:00Z,0.37500,826352716
2023-01-24T00:00:00Z,0.35870,646073774
2023-01-25T00:00:00Z,0.37330,856708233
2023-01-26T00:00:00Z,0.37960,813080062
2023-01-27T00:00:00Z,0.39000,665400537
2023-01-28T00:00:00Z,0.38180,654541318
2023-01-29T00:00:00Z,0.39770,591615938
2023-01-30T00:00:00Z,0.37230,830497227
2023-01-31T00:00:00Z,0.39010,987301576
2023-02-01T00:00:00Z,0.39700,973119365
2023-02-02T00:00:00Z,0.39830,1027613404
2023-02-03T00:00:00Z,0.40400,636353878
2023-02-04T00:00:00Z,0.39930,409872842
2023-02-05T00:00:00Z,0.39220,624255698
2023-02-06T00:00:00Z,0.38200,794928183
2023-02-07T00:00:00Z,0.39890,805317090
2023-02-08T00:00:00Z,0.39440,693499207
2023-02-09T00:00:00Z,0.36200,1059500144
2023-02-10T00:00:00Z,0.35770,819481319
2023-02-11T00:00:00Z,0.36830,400581677
2023-02-12T00:00:00Z,0.36410,450056177
2023-02-13T00:00:00Z,0.35890,840745491
2023-02-14T00:00:00Z,0.38670,1103754323
2023-02-15T00:00:00Z,0.41930,1054724783
2023-02-16T00:00:00Z,0.38750,1139609274
2023-02-17T00:00:00Z,0.40330,849504269
2023-02-18T00:00:00Z,0.40610,588234940
2023-02-19T00:00:00Z,0.39940,688370102
2023-02-20T00:00:00Z,0.40400,725605170
2023-02-21T00:00:00Z,0.39250,767233523
2023-02-22T00:00:00Z,0.38890,837425451
2023-02-23T00:00:00Z,0.38220,614359829
2023-02-24T00:00:00Z,0.36560,846834787
2023-02-25T00:00:00Z,0.36170,534249482
2023-02-26T00:00:00Z,0.36880,391368289
2023-02-27T00:00:00Z,0.36460,528219149
2023-02-28T00:00:00Z,0.35160,524327973
2023-03-01T00:00:00Z,0.35990,485648531
2023-03-02T00:00:00Z,0.35020,582059526
2023-03-03T00:00:00Z,0.34280,950263624
2023-03-04T00:00:00Z,0.33640,407424614
2023-03-05T00:00:00Z,0.33670,402948885
2023-03-06T00:00:00Z,0.33020,537379882
2023-03-07T00:00:00Z,0.33030,779312817
2023-03-08T00:00:00Z,0.31750,854946154
2023-03-09T00:00:00Z,0.30970,1156980906
2023-03-10T00:00:00Z,0.31460,1300763592
2023-03-11T00:00:00Z,0.30490,933716536
2023-03-12T00:00:00Z,0.33000,951387217
2023-03-13T00:00:00Z,0.34330,1345519674
2023-03-14T00:00:00Z,0.34310,1345372967
2023-03-15T00:00:00Z,0.32400,1352510133
2023-03-16T00:00:00Z,0.32460,941405609
2023-03-17T00:00:00Z,0.34940,1057270976
2023-03-18T00:00:00Z,0.33710,948728791
2023-03-19T00:00:00Z,0.34470,722770799
2023-03-20T00:00:00Z,0.33200,967114988
2023-03-21T00:00:00Z,0.36940,1885610841
2023-03-22T00:00:00Z,0.35950,2191600605
2023-03-23T00:00:00Z,0.37150,1067990293
2023-03-24T00:00:00Z,0.35960,789146235
2023-03-25T00:00:00Z,0.35100,467961672
2023-03-26T00:00:00Z,0.35550,423411891
2023-03-27T00:00:00Z,0.34520,723286784
2023-03-28T00:00:00Z,0.36790,851190971
2023-03-29T00:00:00Z,0.38090,912625702
2023-03-30T00:00:00Z,0.37580,791127332
2023-03-31T00:00:00Z,0.39900,1360271672
2023-04-01T00:00:00Z,0.39190,641602367
2023-04-02T00:00:00Z,0.38130,553176881
2023-04-03T00:00:00Z,0.38700,1402608227
2023-04-04T00:00:00Z,0.38920,642448787
2023-04-05T00:00:00Z,0.39210,547484941
2023-04-06T00:00:00Z,0.38290,526729042
2023-04-07T00:00:00Z,0.38320,352192159
2023-04-08T00:00:00Z,0.38500,371597406
2023-04-09T00:00:00Z,0.38910,417653102
2023-04-10T00:00:00Z,0.39700,512537101
2023-04-11T00:00:00Z,0.40120,812373316
2023-04-12T00:00:00Z,0.40470,827178243
2023-04-13T00:00:00Z,0.42510,1045928831
2023-04-14T00:00:00Z,0.43780,1234403198
2023-04-15T00:00:00Z,0.45250,1036690794
2023-04-16T00:00:00Z,0.45140,632784766
2023-04-17T00:00:00Z,0.43450,757652163
2023-04-18T00:00:00Z,0.44340,592872538
2023-04-19T00:00:00Z,0.41620,947547799
2023-04-20T00:00:00Z,0.40050,874503395
2023-04-21T00:00:00Z,0.38200,907453405
2023-04-22T00:00:00Z,0.39540,497015172
2023-04-23T00:00:00Z,0.38850,518233502
2023-04-24T00:00:00Z,0.38320,660981779
2023-04-25T00:00:00Z,0.39420,672691443
2023-04-26T00:00:00Z,0.40100,1176172807
2023-04-27T00:00:00Z,0.40960,955112863
2023-04-28T00:00:00Z,0.40420,519396668
2023-04-29T00:00:00Z,0.40220,281431662
2023-04-30T00:00:00Z,0.39530,560810399
2023-05-01T00:00:00Z,0.38640,574156523
2023-05-02T00:00:00Z,0.39140,442569060
2023-05-03T00:00:00Z,0.39390,691683967
2023-05-04T00:00:00Z,0.38700,448413692
2023-05-05T00:00:00Z,0.39380,509587097
2023-05-06T00:00:00Z,0.37850,504469287
2023-05-07T00:00:00Z,0.37590,345145356
2023-05-08T00:00:00Z,0.36510,847354803
2023-05-09T00:00:00Z,0.36290,457717548
2023-05-10T00:00:00Z,0.36890,897861122
2023-05-11T00:00:00Z,0.35960,714639396
2023-05-12T00:00:00Z,0.37010,796433119
2023-05-13T00:00:00Z,0.36440,318156483
2023-05-14T00:00:00Z,0.37070,315020681
2023-05-15T00:00:00Z,0.36670,501843067
2023-05-16T00:00:00Z,0.36820,472273681
2023-05-17T00:00:00Z,0.37550,674331884
2023-05-18T00:00:00Z,0.37120,628220235
2023-05-19T00:00:00Z,0.36780,418803026
2023-05-20T00:00:00Z,0.36600,275858599
2023-05-21T00:00:00Z,0.36010,307834609
2023-05-22T00:00:00Z,0.36770,611742515
2023-05-23T00:00:00Z,0.37020,344588623
2023-05-24T00:00:00Z,0.36370,523665021
2023-05-25T00:00:00Z,0.35790,506764077
2023-05-26T00:00:00Z,0.36250,459575863
2023-05-27T00:00:00Z,0.36660,240638532
2023-05-28T00:00:00Z,0.38270,586274275
2023-05-29T00:00:00Z,0.37880,428675730
2023-05-30T00:00:00Z,0.37760,357560808
2023-05-31T00:00:00Z,0.37430,369712515
2023-06-01T00:00:00Z,0.36410,509265213
2023-06-02T00:00:00Z,0.37810,544206712
2023-06-03T00:00:00Z,0.37610,218440319
2023-06-04T00:00:00Z,0.37730,284479476
2023-06-05T00:00:00Z,0.35110,793793763
2023-06-06T00:00:00Z,0.35280,799690981
2023-06-07T00:00:00Z,0.32200,1129257273
2023-06-08T00:00:00Z,0.32270,728160633
2023-06-09T00:00:00Z,0.29480,1779903376
2023-06-10T00:00:00Z,0.27440,5439192805
2023-06-11T00:00:00Z,0.27170,2531293284
2023-06-12T00:00:00Z,0.27450,2078370114
2023-06-13T00:00:00Z,0.27500,1505355895
2023-06-14T00:00:00Z,0.26320,1311080618
2023-06-15T00:00:00Z,0.26190,1336681013
2023-06-16T00:00:00Z,0.26300,943931007
2023-06-17T00:00:00Z,0.26650,766832110
2023-06-18T00:00:00Z,0.26070,666949100
2023-06-19T00:00:00Z,0.26310,754369447
2023-06-20T00:00:00Z,0.27030,1107679997
2023-06-21T00:00:00Z,0.28600,1475797276
2023-06-22T00:00:00Z,0.28970,1514039757
2023-06-23T00:00:00Z,0.29650,1074382908
2023-06-24T00:00:00Z,0.28920,825817689
2023-06-25T00:00:00Z,0.29180,862575336
2023-06-26T00:00:00Z,0.28020,959173561
2023-06-27T00:00:00Z,0.28650,854418716
2023-06-28T00:00:00Z,0.26670,1199723922
2023-06-29T00:00:00Z,0.27500,786129983
2023-06-30T00:00:00Z,0.28680,1882916777
2023-07-01T00:00:00Z,0.29220,747184934
2023-07-02T00:00:00Z,0.29150,754129845
2023-07-03T00:00:00Z,0.29660,773706300
2023-07-04T00:00:00Z,0.29230,859453299
2023-07-05T00:00:00Z,0.28370,824978473
2023-07-06T00:00:00Z,0.27830,1088771357
2023-07-07T00:00:00Z,0.28430,640364362
2023-07-08T00:00:00Z,0.29040,589904341
2023-07-09T00:00:00Z,0.28420,466120129
2023-07-10T00:00:00Z,0.28760,869082419
2023-07-11T00:00:00Z,0.29270,587600083
2023-07-12T00:00:00Z,0.28880,578782069
2023-07-13T00:00:00Z,0.35650,2611460028
2023-07-14T00:00:00Z,0.32790,2369120838
2023-07-15T00:00:00Z,0.32570,760414071
2023-07-16T00:00:00Z,0.31410,868093285
2023-07-17T00:00:00Z,0.31180,811759669
2023-07-18T00:00:00Z,0.30920,850796507
2023-07-19T00:00:00Z,0.32240,1365100558
2023-07-20T00:00:00Z,0.31590,1163108230
2023-07-21T00:00:00Z,0.31250,507329752
2023-07-22T00:00:00Z,0.30990,386015252
2023-07-23T00:00:00Z,0.31690,370635242
2023-07-24T00:00:00Z,0.30500,716909607
2023-07-25T00:00:00Z,0.30360,514388389
2023-07-26T00:00:00Z,0.30650,643632589
2023-07-27T00:00:00Z,0.30760,398621034
2023-07-28T00:00:00Z,0.30970,363308828
2023-07-29T00:00:00Z,0.31290,278329754
2023-07-30T00:00:00Z,0.31560,490407310
2023-07-31T00:00:00Z,0.30690,536763278
2023-08-01T00:00:00Z,0.31020,635357762
2023-08-02T00:00:00Z,0.29920,538416084
2023-08-03T00:00:00Z,0.29200,640935963
2023-08-04T00:00:00Z,0.29330,423369522
2023-08-05T00:00:00Z,0.29370,283472386
2023-08-06T00:00:00Z,0.29210,258524830
2023-08-07T00:00:00Z,0.29090,614180256
2023-08-08T00:00:00Z,0.29730,656168674
2023-08-09T00:00:00Z,0.30130,392256762
2023-08-10T00:00:00Z,0.29620,387453793
2023-08-11T00:00:00Z,0.29310,247630334
2023-08-12T00:00:00Z,0.29170,211307759
2023-08-13T00:00:00Z,0.28930,305262794
2023-08-14T00:00:00Z,0.29040,318212582
2023-08-15T00:00:00Z,0.28180,503992190
2023-08-16T00:00:00Z,0.27460,823386991
2023-08-17T00:00:00Z,0.25490,1234374463
2023-08-18T00:00:00Z,0.26360,908406744
2023-08-19T00:00:00Z,0.26860,436320302
2023-08-20T00:00:00Z,0.27010,406122417
2023-08-21T00:00:00Z,0.26270,554991041
2023-08-22T00:00:00Z,0.25830,721439280
2023-08-23T00:00:00Z,0.26790,504542694
2023-08-24T00:00:00Z,0.26560,432546667
2023-08-25T00:00:00Z,0.26100,685187408
2023-08-26T00:00:00Z,0.26070,257097394
2023-08-27T00:00:00Z,0.26310,268810808
2023-08-28T00:00:00Z,0.26740,401754904
2023-08-29T00:00:00Z,0.27240,970847259
2023-08-30T00:00:00Z,0.26520,600621784
2023-08-31T00:00:00Z,0.25530,725642496
2023-09-01T00:00:00Z,0.25480,502194620
2023-09-02T00:00:00Z,0.25600,210725217
2023-09-03T00:00:00Z,0.25570,243507067
2023-09-04T00:00:00Z,0.25610,304236568
2023-09-05T00:00:00Z,0.25770,302376618
2023-09-06T00:00:00Z,0.25760,384790210
2023-09-07T00:00:00Z,0.25780,328472735
2023-09-08T00:00:00Z,0.25420,346707733
2023-09-09T00:00:00Z,0.25300,157774140
2023-09-10T00:00:00Z,0.24880,522648332
2023-09-11T00:00:00Z,0.24190,651940269
2023-09-12T00:00:00Z,0.24540,559505739
2023-09-13T00:00:00Z,0.24850,433204765
2023-09-14T00:00:00Z,0.25120,427620667
2023-09-15T00:00:00Z,0.25040,419361269
2023-09-16T00:00:00Z,0.25010,338788641
2023-09-17T00:00:00Z,0.24680,340303424
2023-09-18T00:00:00Z,0.25140,566041759
2023-09-19T00:00:00Z,0.25460,414268424
2023-09-20T00:00:00Z,0.25140,517389589
2023-09-21T00:00:00Z,0.24480,453585069
2023-09-22T00:00:00Z,0.24480,351505426
2023-09-23T00:00:00Z,0.24590,199728210
2023-09-24T00:00:00Z,0.24250,242449410
2023-09-25T00:00:00Z,0.24570,301727162
2023-09-26T00:00:00Z,0.24530,274129347
2023-09-27T00:00:00Z,0.24460,382024920
2023-09-28T00:00:00Z,0.24890,426522384
2023-09-29T00:00:00Z,0.24920,521659427
2023-09-30T00:00:00Z,0.25380,320576963
2023-10-01T00:00:00Z,0.26580,628261546
2023-10-02T00:00:00Z,0.25890,739277256
2023-10-03T00:00:00Z,0.26080,585511941
2023-10-04T00:00:00Z,0.25880,559592590
2023-10-05T00:00:00Z,0.26010,553556314
2023-10-06T00:00:00Z,0.26450,476170353
2023-10-07T00:00:00Z,0.25850,337376681
2023-10-08T00:00:00Z,0.25610,261595619
2023-10-09T00:00:00Z,0.25110,581012464
2023-10-10T00:00:00Z,0.24890,428279517
2023-10-11T00:00:00Z,0.24790,402718331
2023-10-12T00:00:00Z,0.24580,358462672
2023-10-13T00:00:00Z,0.24570,286216658
2023-10-14T00:00:00Z,0.24670,168014693
2023-10-15T00:00:00Z,0.24710,216373997
2023-10-16T00:00:00Z,0.25110,652194103
2023-10-17T00:00:00Z,0.24620,341344799
2023-10-18T00:00:00Z,0.24270,313912394
2023-10-19T00:00:00Z,0.24690,411069746
2023-10-20T00:00:00Z,0.25110,482558352
2023-10-21T00:00:00Z,0.25850,482157033
2023-10-22T00:00:00Z,0.26390,451331065
2023-10-23T00:00:00Z,0.28090,1029987973
2023-10-24T00:00:00Z,0.27910,1114857668
2023-10-25T00:00:00Z,0.28080,702193529
2023-10-26T00:00:00Z,0.28720,880291581
2023-10-27T00:00:00Z,0.28930,555824280
2023-10-28T00:00:00Z,0.29070,326116498
2023-10-29T00:00:00Z,0.29550,329334285
2023-10-30T00:00:00Z,0.30310,563779185
2023-10-31T00:00:00Z,0.29300,750876625
2023-11-01T00:00:00Z,0.30750,739747428
2023-11-02T00:00:00Z,0.32330,1438714065
2023-11-03T00:00:00Z,0.32920,911125682
2023-11-04T00:00:00Z,0.32790,339143453
2023-11-05T00:00:00Z,0.34200,627042095
2023-11-06T00:00:00Z,0.36280,946252359
2023-11-07T00:00:00Z,0.35140,1036160252
2023-11-08T00:00:00Z,0.35790,540298823
2023-11-09T00:00:00Z,0.36850,1334520322
2023-11-10T00:00:00Z,0.38630,887791333
2023-11-11T00:00:00Z,0.38490,819849538
2023-11-12T00:00:00Z,0.38380,616409011
2023-11-13T00:00:00Z,0.35700,868242255
2023-11-14T00:00:00Z,0.35800,897537037
2023-11-15T00:00:00Z,0.37890,648446039
2023-11-16T00:00:00Z,0.37070,1581318228
2023-11-17T00:00:00Z,0.36710,856949837
2023-11-18T00:00:00Z,0.37730,594527662
2023-11-19T00:00:00Z,0.38410,587187114
2023-11-20T00:00:00Z,0.38060,709833026
2023-11-21T00:00:00Z,0.35670,792466249
2023-11-22T00:00:00Z,0.38040,514004390
2023-11-23T00:00:00Z,0.38740,375806843
2023-11-24T00:00:00Z,0.38610,579174007
2023-11-25T00:00:00Z,0.39420,318400833
2023-11-26T00:00:00Z,0.38730,443725401
2023-11-27T00:00:00Z,0.37770,425122865
2023-11-28T00:00:00Z,0.38590,468351904
2023-11-29T00:00:00Z,0.38180,406877854
2023-11-30T00:00:00Z,0.37590,344194184
2023-12-01T00:00:00Z,0.38450,342160724
2023-12-02T00:00:00Z,0.39820,376459808
2023-12-03T00:00:00Z,0.39520,423028508
2023-12-04T00:00:00Z,0.40710,840252797
2023-12-05T00:00:00Z,0.42610,754196554
2023-12-06T00:00:00Z,0.44330,1279713384
2023-12-07T00:00:00Z,0.45580,889800944
2023-12-08T00:00:00Z,0.54600,2595691226
2023-12-09T00:00:00Z,0.57960,3746685626
2023-12-10T00:00:00Z,0.59500,1833580270
2023-12-11T00:00:00Z,0.55120,1843104755
2023-12-12T00:00:00Z,0.57900,1722831118
2023-12-13T00:00:00Z,0.66830,2415045610
2023-12-14T00:00:00Z,0.64360,1716693370
2023-12-15T00:00:00Z,0.60080,992020136
2023-12-16T00:00:00Z,0.60810,688958947
2023-12-17T00:00:00Z,0.58090,725346897
2023-12-18T00:00:00Z,0.60200,923263444
2023-12-19T00:00:00Z,0.57600,860430734
2023-12-20T00:00:00Z,0.58990,861017986
2023-12-21T00:00:00Z,0.63590,881739830
2023-12-22T00:00:00Z,0.62290,896889964
2023-12-23T00:00:00Z,0.61350,468332568
2023-12-24T00:00:00Z,0.59230,719347081
2023-12-25T00:00:00Z,0.62480,581801332
2023-12-26T00:00:00Z,0.60920,984619210
2023-12-27T00:00:00Z,0.63420,763443022
2023-12-28T00:00:00Z,0.61640,1235786106
2023-12-29T00:00:00Z,0.60850,705235214
2023-12-30T00:00:00Z,0.60140,363440185
2023-12-31T00:00:00Z,0.59410,361855723
2024-01-01T00:00:00Z,0.62410,363044691
2024-01-02T00:00:00Z,0.60580,547655721
2024-01-03T00:00:00Z,0.55680,1057485902
2024-01-04T00:00:00Z,0.56970,550758550
2024-01-05T00:00:00Z,0.54100,715703126
2024-01-06T00:00:00Z,0.52300,497513287
2024-01-07T00:00:00Z,0.49440,561300397
2024-01-08T00:00:00Z,0.54100,1028585971
2024-01-09T00:00:00Z,0.51230,840433336
2024-01-10T00:00:00Z,0.56620,1033645278
2024-01-11T00:00:00Z,0.58210,1054998774
2024-01-12T00:00:00Z,0.54790,732407494
2024-01-13T00:00:00Z,0.54910,334247462
2024-01-14T00:00:00Z,0.52510,349422037
2024-01-15T00:00:00Z,0.52760,308801288
2024-01-16T00:00:00Z,0.53550,395376389
2024-01-17T00:00:00Z,0.52830,322548594
2024-01-18T00:00:00Z,0.50260,500572023
2024-01-19T00:00:00Z,0.50400,544267468
2024-01-20T00:00:00Z,0.51610,420016519
2024-01-21T00:00:00Z,0.50340,250064715
2024-01-22T00:00:00Z,0.47880,578346304
2024-01-23T00:00:00Z,0.47700,723602494
2024-01-24T00:00:00Z,0.47660,476674654
2024-01-25T00:00:00Z,0.46660,444442634
2024-01-26T00:00:00Z,0.48480,384772614
2024-01-27T00:00:00Z,0.48600,262531310
2024-01-28T00:00:00Z,0.49020,403012603
2024-01-29T00:00:00Z,0.52610,547071529
2024-01-30T00:00:00Z,0.51370,551381372
2024-01-31T00:00:00Z,0.49740,527895839
2024-02-01T00:00:00Z,0.50760,414426099
2024-02-02T00:00:00Z,0.51430,446455760
2024-02-03T00:00:00Z,0.51250,313968786
2024-02-04T00:00:00Z,0.49330,255851168
2024-02-05T00:00:00Z,0.49400,367152376
2024-02-06T00:00:00Z,0.49830,325080559
2024-02-07T00:00:00Z,0.50220,610407386
2024-02-08T00:00:00Z,0.53020,822966710
2024-02-09T00:00:00Z,0.54080,596207820
2024-02-10T00:00:00Z,0.55160,428984073
2024-02-11T00:00:00Z,0.54140,590313523
2024-02-12T00:00:00Z,0.55960,611528647
2024-02-13T00:00:00Z,0.54510,515294146
2024-02-14T00:00:00Z,0.57740,594906445
2024-02-15T00:00:00Z,0.60930,870000361
2024-02-16T00:00:00Z,0.59910,596220013
2024-02-17T00:00:00Z,0.61030,472166392
2024-02-18T00:00:00Z,0.61970,716446306
2024-02-19T00:00:00Z,0.63150,612323757
2024-02-20T00:00:00Z,0.62220,961576652
2024-02-21T00:00:00Z,0.59900,656429054
2024-02-22T00:00:00Z,0.58630,510380462
2024-02-23T00:00:00Z,0.58290,478360067
2024-02-24T00:00:00Z,0.59730,373713741
2024-02-25T00:00:00Z,0.59200,307621728
2024-02-26T00:00:00Z,0.61990,614261154
2024-02-27T00:00:00Z,0.62450,712110157
2024-02-28T00:00:00Z,0.62940,1178988955
2024-02-29T00:00:00Z,0.65540,1391952750
2024-03-01T00:00:00Z,0.72050,715694736
2024-03-02T00:00:00Z,0.74240,900245953
2024-03-03T00:00:00Z,0.72880,717316478
2024-03-04T00:00:00Z,0.77070,1103329770
2024-03-05T00:00:00Z,0.69200,1656147728
2024-03-06T00:00:00Z,0.73570,929773482
2024-03-07T00:00:00Z,0.74370,722785800
2024-03-08T00:00:00Z,0.72350,706941710
2024-03-09T00:00:00Z,0.74240,384597065
2024-03-10T00:00:00Z,0.71730,438732892
2024-03-11T00:00:00Z,0.77660,970857034
2024-03-12T00:00:00Z,0.74880,855233084
2024-03-13T00:00:00Z,0.76460,519162316
2024-03-14T00:00:00Z,0.75150,1294074208
2024-03-15T00:00:00Z,0.72820,1292005413
2024-03-16T00:00:00Z,0.65970,841872597
2024-03-17T00:00:00Z,0.68180,654874864
2024-03-18T00:00:00Z,0.66100,714964346
2024-03-19T00:00:00Z,0.58660,1328853913
2024-03-20T00:00:00Z,0.63990,1041305015
2024-03-21T00:00:00Z,0.63230,662890839
2024-03-22T00:00:00Z,0.61520,603431051
2024-03-23T00:00:00Z,0.62350,340021771
2024-03-24T00:00:00Z,0.64740,342472749
2024-03-25T00:00:00Z,0.65730,417639776
2024-03-26T00:00:00Z,0.66560,483365279
2024-03-27T00:00:00Z,0.64860,600274454
2024-03-28T00:00:00Z,0.65170,304268310
2024-03-29T00:00:00Z,0.66500,473752675
2024-03-30T00:00:00Z,0.64410,301565694
2024-03-31T00:00:00Z,0.65060,207099096
2024-04-01T00:00:00Z,0.62170,565552100
2024-04-02T00:00:00Z,0.58090,716661880
2024-04-03T00:00:00Z,0.56970,464274368
2024-04-04T00:00:00Z,0.58340,441920850
2024-04-05T00:00:00Z,0.57450,399135512
2024-04-06T00:00:00Z,0.58410,207164449
2024-04-07T00:00:00Z,0.58980,238971652
2024-04-08T00:00:00Z,0.61430,350706424
2024-04-09T00:00:00Z,0.59150,520950359
2024-04-10T00:00:00Z,0.58650,541201900
2024-04-11T00:00:00Z,0.58640,360907319
2024-04-12T00:00:00Z,0.50260,1266246076
2024-04-13T00:00:00Z,0.44480,1794291933
2024-04-14T00:00:00Z,0.46710,1318599389
2024-04-15T00:00:00Z,0.46060,998025045
2024-04-16T00:00:00Z,0.45810,798598444
2024-04-17T00:00:00Z,0.44380,811729527
2024-04-18T00:00:00Z,0.45770,634039728
2024-04-19T00:00:00Z,0.46790,832502634
2024-04-20T00:00:00Z,0.50680,657660289
2024-04-21T00:00:00Z,0.49900,464947259
2024-04-22T00:00:00Z,0.51630,484570576
2024-04-23T00:00:00Z,0.49970,455419713
2024-04-24T00:00:00Z,0.47430,676848968
2024-04-25T00:00:00Z,0.47020,449453052
2024-04-26T00:00:00Z,0.46280,445773693
2024-04-27T00:00:00Z,0.46720,473199729
2024-04-28T00:00:00Z,0.46010,303827217
2024-04-29T00:00:00Z,0.45680,406003805
2024-04-30T00:00:00Z,0.44090,702523076
2024-05-01T00:00:00Z,0.44990,797288724
2024-05-02T00:00:00Z,0.45750,440154492
2024-05-03T00:00:00Z,0.46690,396583330
2024-05-04T00:00:00Z,0.46300,272551799
2024-05-05T00:00:00Z,0.45770,324899266
2024-05-06T00:00:00Z,0.45370,503207611
2024-05-07T00:00:00Z,0.44110,358904709
2024-05-08T00:00:00Z,0.45160,665644055
2024-05-09T00:00:00Z,0.46330,401849697
2024-05-10T00:00:00Z,0.44760,438691814
2024-05-11T00:00:00Z,0.43880,246584346
2024-05-12T00:00:00Z,0.43740,217164739
2024-05-13T00:00:00Z,0.43630,556592736
2024-05-14T00:00:00Z,0.42810,440504453
2024-05-15T00:00:00Z,0.45240,431671575
2024-05-16T00:00:00Z,0.45960,370032594
2024-05-17T00:00:00Z,0.48200,487244158
2024-05-18T00:00:00Z,0.48190,240679737
2024-05-19T00:00:00Z,0.46710,285242622
2024-05-20T00:00:00Z,0.50210,598748406
2024-05-21T00:00:00Z,0.49490,548988558
2024-05-22T00:00:00Z,0.48370,437999971
2024-05-23T00:00:00Z,0.46580,725353979
2024-05-24T00:00:00Z,0.46010,357676821
2024-05-25T00:00:00Z,0.46220,213020964
2024-05-26T00:00:00Z,0.45810,245952573
2024-05-27T00:00:00Z,0.46870,345942761
2024-05-28T00:00:00Z,0.45790,468376542
2024-05-29T00:00:00Z,0.45130,368933931
2024-05-30T00:00:00Z,0.44680,376778891
2024-05-31T00:00:00Z,0.44730,287325753
2024-06-01T00:00:00Z,0.45030,136271862
2024-06-02T00:00:00Z,0.44660,262736121
2024-06-03T00:00:00Z,0.45770,362292555
2024-06-04T00:00:00Z,0.46170,396960443
2024-06-05T00:00:00Z,0.46160,278743864
2024-06-06T00:00:00Z,0.45850,264504892
2024-06-07T00:00:00Z,0.44930,941026720
2024-06-08T00:00:00Z,0.43660,364792943
2024-06-09T00:00:00Z,0.44410,203047302
2024-06-10T00:00:00Z,0.44080,368924192
2024-06-11T00:00:00Z,0.42160,552816135
2024-06-12T00:00:00Z,0.43800,481553774
2024-06-13T00:00:00Z,0.42100,382499942
2024-06-14T00:00:00Z,0.41190,439951610
2024-06-15T00:00:00Z,0.41380,198868462
2024-06-16T00:00:00Z,0.41660,180907018
2024-06-17T00:00:00Z,0.40110,589836119
2024-06-18T00:00:00Z,0.38330,934340816
2024-06-19T00:00:00Z,0.38430,413096721
2024-06-20T00:00:00Z,0.38400,380509333
2024-06-21T00:00:00Z,0.37580,373935762
2024-06-22T00:00:00Z,0.38450,324839416
2024-06-23T00:00:00Z,0.37980,318512063
2024-06-24T00:00:00Z,0.37760,619922106
2024-06-25T00:00:00Z,0.39170,342134363
2024-06-26T00:00:00Z,0.38480,368418755
2024-06-27T00:00:00Z,0.39130,335767406
2024-06-28T00:00:00Z,0.38560,417849007
2024-06-29T00:00:00Z,0.38380,366351517
2024-06-30T00:00:00Z,0.39230,269410157
2024-07-01T00:00:00Z,0.40320,341197483
2024-07-02T00:00:00Z,0.41830,330426585
2024-07-03T00:00:00Z,0.40680,486944752
2024-07-04T00:00:00Z,0.36210,728952059
2024-07-05T00:00:00Z,0.34970,1386454534
2024-07-06T00:00:00Z,0.37060,447689206
2024-07-07T00:00:00Z,0.34650,444814227
2024-07-08T00:00:00Z,0.36880,906309239
2024-07-09T00:00:00Z,0.37520,372897467
2024-07-10T00:00:00Z,0.38820,300353008
2024-07-11T00:00:00Z,0.39580,407163586
2024-07-12T00:00:00Z,0.41630,448870794
2024-07-13T00:00:00Z,0.44140,534305783
2024-07-14T00:00:00Z,0.43160,431100492
2024-07-15T00:00:00Z,0.44470,598551084
2024-07-16T00:00:00Z,0.43790,609728976
2024-07-17T00:00:00Z,0.43570,429600679
2024-07-18T00:00:00Z,0.42310,422349725
2024-07-19T00:00:00Z,0.43880,384808888
2024-07-20T00:00:00Z,0.43700,257053051
2024-07-21T00:00:00Z,0.44670,389508896
2024-07-22T00:00:00Z,0.42580,381162132
2024-07-23T00:00:00Z,0.40970,422795200
2024-07-24T00:00:00Z,0.40600,368869234
2024-07-25T00:00:00Z,0.39460,482764868
2024-07-26T00:00:00Z,0.41700,279592335
2024-07-27T00:00:00Z,0.41730,353771088
2024-07-28T00:00:00Z,0.40700,228419468
2024-07-29T00:00:00Z,0.40290,380915304
2024-07-30T00:00:00Z,0.40100,336163712
2024-07-31T00:00:00Z,0.38780,363118278
2024-08-01T00:00:00Z,0.39240,519423404
2024-08-02T00:00:00Z,0.36350,535691720
2024-08-03T00:00:00Z,0.36450,445893986
2024-08-04T00:00:00Z,0.34400,490002552
2024-08-05T00:00:00Z,0.31170,1904372860
2024-08-06T00:00:00Z,0.33090,578020145
2024-08-07T00:00:00Z,0.32380,546595021
2024-08-08T00:00:00Z,0.35130,440127214
2024-08-09T00:00:00Z,0.34820,348573863
2024-08-10T00:00:00Z,0.34550,145890822
2024-08-11T00:00:00Z,0.32740,260698162
2024-08-12T00:00:00Z,0.33870,408716759
2024-08-13T00:00:00Z,0.33970,252353523
2024-08-14T00:00:00Z,0.33510,289432427
2024-08-15T00:00:00Z,0.32460,385214210
2024-08-16T00:00:00Z,0.32980,583421038
2024-08-17T00:00:00Z,0.33710,225932104
2024-08-18T00:00:00Z,0.33410,178667192
2024-08-19T00:00:00Z,0.33640,283839168
2024-08-20T00:00:00Z,0.34330,310726355
2024-08-21T00:00:00Z,0.36860,577668107
2024-08-22T00:00:00Z,0.37610,321541478
2024-08-23T00:00:00Z,0.39110,485276682
2024-08-24T00:00:00Z,0.39330,304972366
2024-08-25T00:00:00Z,0.38460,310448258
2024-08-26T00:00:00Z,0.36600,356560328
2024-08-27T00:00:00Z,0.35000,442039830
2024-08-28T00:00:00Z,0.34980,456763243
2024-08-29T00:00:00Z,0.35770,349037025
2024-08-30T00:00:00Z,0.34680,416547337
2024-08-31T00:00:00Z,0.34490,145484785
2024-09-01T00:00:00Z,0.33080,327095470
2024-09-02T00:00:00Z,0.33590,348266369
2024-09-03T00:00:00Z,0.31820,374594271
2024-09-04T00:00:00Z,0.32300,575395889
2024-09-05T00:00:00Z,0.32490,608645635
2024-09-06T00:00:00Z,0.31440,768931472
2024-09-07T00:00:00Z,0.32520,254662202
2024-09-08T00:00:00Z,0.33880,358086450
2024-09-09T00:00:00Z,0.34330,376116353
2024-09-10T00:00:00Z,0.34280,269920662
2024-09-11T00:00:00Z,0.35300,472635272
2024-09-12T00:00:00Z,0.35610,359362505
2024-09-13T00:00:00Z,0.36030,282393122
2024-09-14T00:00:00Z,0.35370,213234171
2024-09-15T00:00:00Z,0.33820,312969034
2024-09-16T00:00:00Z,0.33000,360768994
2024-09-17T00:00:00Z,0.33360,296773364
2024-09-18T00:00:00Z,0.34400,372072921
2024-09-19T00:00:00Z,0.35090,365191179
2024-09-20T00:00:00Z,0.35200,320824852
2024-09-21T00:00:00Z,0.35820,190910201
2024-09-22T00:00:00Z,0.35150,294349586
2024-09-23T00:00:00Z,0.36360,404212979
2024-09-24T00:00:00Z,0.38760,546631401
2024-09-25T00:00:00Z,0.38080,341433704
2024-09-26T00:00:00Z,0.40130,416785072
2024-09-27T00:00:00Z,0.40170,388047348
2024-09-28T00:00:00Z,0.40050,269197082
2024-09-29T00:00:00Z,0.39720,235511049
2024-09-30T00:00:00Z,0.37320,433162490
2024-10-01T00:00:00Z,0.35180,729738694
2024-10-02T00:00:00Z,0.34290,539326428
2024-10-03T00:00:00Z,0.34510,566395445
2024-10-04T00:00:00Z,0.35140,312371205
2024-10-05T00:00:00Z,0.35070,223726976
2024-10-06T00:00:00Z,0.35730,219965100
2024-10-07T00:00:00Z,0.35080,524281931
2024-10-08T00:00:00Z,0.34440,346967709
2024-10-09T00:00:00Z,0.33950,331271218
2024-10-10T00:00:00Z,0.33930,327271430
2024-10-11T00:00:00Z,0.35160,261579054
2024-10-12T00:00:00Z,0.35290,167450178
2024-10-13T00:00:00Z,0.34830,273811365
2024-10-14T00:00:00Z,0.36420,387684425
2024-10-15T00:00:00Z,0.35900,624273638
2024-10-16T00:00:00Z,0.35210,352062772
2024-10-17T00:00:00Z,0.34310,441963939
2024-10-18T00:00:00Z,0.35060,268182734
2024-10-19T00:00:00Z,0.35120,205337094
2024-10-20T00:00:00Z,0.36480,256633540
2024-10-21T00:00:00Z,0.36090,368353773
2024-10-22T00:00:00Z,0.36440,423050180
2024-10-23T00:00:00Z,0.34950,516417259
2024-10-24T00:00:00Z,0.34640,387385629
2024-10-25T00:00:00Z,0.32570,668078243
2024-10-26T00:00:00Z,0.33340,283391235
2024-10-27T00:00:00Z,0.33970,167721579
2024-10-28T00:00:00Z,0.34350,358447936
2024-10-29T00:00:00Z,0.35620,318935047
2024-10-30T00:00:00Z,0.35500,334676351
2024-10-31T00:00:00Z,0.34160,403273134
2024-11-01T00:00:00Z,0.35750,561463354
2024-11-02T00:00:00Z,0.34820,386097514
2024-11-03T00:00:00Z,0.33390,464774410
2024-11-04T00:00:00Z,0.32610,383963902
2024-11-05T00:00:00Z,0.33350,329771237
2024-11-06T00:00:00Z,0.36320,670516616
2024-11-07T00:00:00Z,0.40680,710557400
2024-11-08T00:00:00Z,0.44480,1915690521
2024-11-09T00:00:00Z,0.49700,889634116
2024-11-10T00:00:00Z,0.59070,4356271384
2024-11-11T00:00:00Z,0.61390,1950641137
2024-11-12T00:00:00Z,0.57140,1984239733
2024-11-13T00:00:00Z,0.57880,1822266053
2024-11-14T00:00:00Z,0.57950,1166672679
2024-11-15T00:00:00Z,0.70760,2826026345
2024-11-16T00:00:00Z,0.74200,2930396306
2024-11-17T00:00:00Z,0.70300,1255456395
2024-11-18T00:00:00Z,0.73330,1228248592
2024-11-19T00:00:00Z,0.73890,877151857
2024-11-20T00:00:00Z,0.80030,2386447325
2024-11-21T00:00:00Z,0.82260,1295859818
2024-11-22T00:00:00Z,1.01770,2743128072
2024-11-23T00:00:00Z,1.06650,2453169979
2024-11-24T00:00:00Z,1.02330,1622565173
2024-11-25T00:00:00Z,0.94450,1468645126
2024-11-26T00:00:00Z,0.96070,1352451029
2024-11-27T00:00:00Z,1.01230,1126967814
2024-11-28T00:00:00Z,1.03280,748607814
2024-11-29T00:00:00Z,1.07620,1047878356
2024-11-30T00:00:00Z,1.08000,1010378287
2024-12-01T00:00:00Z,1.15120,1017219197
2024-12-02T00:00:00Z,1.20360,2230897355
2024-12-03T00:00:00Z,1.19240,1965307798
2024-12-04T00:00:00Z,1.18810,1130583720
2024-12-05T00:00:00Z,1.16050,1384438507
2024-12-06T00:00:00Z,1.22880,898510154
2024-12-07T00:00:00Z,1.21160,539093287
2024-12-08T00:00:00Z,1.19470,756413437
2024-12-09T00:00:00Z,1.00330,1634769904
2024-12-10T00:00:00Z,1.02140,1701101597
2024-12-11T00:00:00Z,1.08670,917904077
2024-12-12T00:00:00Z,1.12290,874557244
2024-12-13T00:00:00Z,1.12120,639185294
2024-12-14T00:00:00Z,1.06030,562230174
2024-12-15T00:00:00Z,1.09970,562921587
2024-12-16T00:00:00Z,1.07740,730730071
2024-12-17T00:00:00Z,1.05180,743919108
2024-12-18T00:00:00Z,0.96800,1029666836
2024-12-19T00:00:00Z,0.88020,1316944515
2024-12-20T00:00:00Z,0.94920,1573781290
2024-12-21T00:00:00Z,0.90480,948365995
2024-12-22T00:00:00Z,0.88300,714996914
2024-12-23T00:00:00Z,0.92610,804102737
2024-12-24T00:00:00Z,0.93550,532377590
2024-12-25T00:00:00Z,0.91720,382052226
2024-12-26T00:00:00Z,0.86040,473288249
2024-12-27T00:00:00Z,0.87680,524603390
2024-12-28T00:00:00Z,0.88920,289897659
2024-12-29T00:00:00Z,0.85820,374332544
2024-12-30T00:00:00Z,0.86130,620217588
2024-12-31T00:00:00Z,0.84470,377610056
2025-01-01T00:00:00Z,0.92230,556240493
2025-01-02T00:00:00Z,0.96130,588369465
2025-01-03T00:00:00Z,1.08950,1267441420
2025-01-04T00:00:00Z,1.07070,565513855
2025-01-05T00:00:00Z,1.09090,678898486
2025-01-06T00:00:00Z,1.09320,618800275
2025-01-07T00:00:00Z,0.98880,1266738256
2025-01-08T00:00:00Z,0.94620,1137338733
2025-01-09T00:00:00Z,0.90380,823873686
2025-01-10T00:00:00Z,0.92970,836837427
2025-01-11T00:00:00Z,0.99520,525361248
2025-01-12T00:00:00Z,0.96710,818120692
2025-01-13T00:00:00Z,0.94390,1132913601
2025-01-14T00:00:00Z,0.99690,675117788
2025-01-15T00:00:00Z,1.07530,1278815206
2025-01-16T00:00:00Z,1.08890,1313310235
2025-01-17T00:00:00Z,1.13280,898224668
2025-01-18T00:00:00Z,1.10420,850718949
2025-01-19T00:00:00Z,0.99240,1374270589
2025-01-20T00:00:00Z,1.00920,1322039810
2025-01-21T00:00:00Z,1.00560,741125606
2025-01-22T00:00:00Z,0.98240,475180718
2025-01-23T00:00:00Z,0.98650,670629681
2025-01-24T00:00:00Z,0.97060,446676559
2025-01-25T00:00:00Z,0.97620,262501097
2025-01-26T00:00:00Z,0.95230,312407609
2025-01-27T00:00:00Z,0.93400,907877883
2025-01-28T00:00:00Z,0.91610,525074428
2025-01-29T00:00:00Z,0.93910,536398231
2025-01-30T00:00:00Z,0.95910,376104492
2025-01-31T00:00:00Z,0.94220,493506602
2025-02-01T00:00:00Z,0.89410,382994172
2025-02-02T00:00:00Z,0.80420,1137054898
2025-02-03T00:00:00Z,0.81160,2998093082
2025-02-04T00:00:00Z,0.74340,1376080948
2025-02-05T00:00:00Z,0.73190,707113822
2025-02-06T00:00:00Z,0.70470,769593190
2025-02-07T00:00:00Z,0.70660,720919799
2025-02-08T00:00:00Z,0.70010,417055390
2025-02-09T00:00:00Z,0.68100,544282379
2025-02-10T00:00:00Z,0.71140,618212969
2025-02-11T00:00:00Z,0.77760,1372204424
2025-02-12T00:00:00Z,0.79910,979754368
2025-02-13T00:00:00Z,0.81010,727805663
2025-02-14T00:00:00Z,0.79920,680393747
2025-02-15T00:00:00Z,0.78030,364376671
2025-02-16T00:00:00Z,0.77070,391230215
2025-02-17T00:00:00Z,0.80840,925836265
2025-02-18T00:00:00Z,0.75360,856757273
2025-02-19T00:00:00Z,0.77310,634261096
2025-02-20T00:00:00Z,0.80340,492337073
2025-02-21T00:00:00Z,0.76140,736360029
2025-02-22T00:00:00Z,0.77300,317539881
2025-02-23T00:00:00Z,0.76920,325681598
2025-02-24T00:00:00Z,0.68110,767578226
2025-02-25T00:00:00Z,0.68290,1172672825
2025-02-26T00:00:00Z,0.64690,740478008
2025-02-27T00:00:00Z,0.64480,592722959
2025-02-28T00:00:00Z,0.63260,942488827
2025-03-01T00:00:00Z,0.65890,530538942
2025-03-02T00:00:00Z,1.13360,5565260681
2025-03-03T00:00:00Z,0.85700,6086879488
2025-03-04T00:00:00Z,0.94040,5014228759
2025-03-05T00:00:00Z,0.97360,2999914052
2025-03-06T00:00:00Z,0.90580,1932917518
2025-03-07T00:00:00Z,0.81740,3119698733
2025-03-08T00:00:00Z,0.80450,1120128227
2025-03-09T00:00:00Z,0.72080,1634201691
2025-03-10T00:00:00Z,0.67070,2010661131
2025-03-11T00:00:00Z,0.72330,1855511962
2025-03-12T00:00:00Z,0.73540,1296941126
2025-03-13T00:00:00Z,0.70230,1108676527
2025-03-14T00:00:00Z,0.73700,824877609
2025-03-15T00:00:00Z,0.74610,541832963
2025-03-16T00:00:00Z,0.70420,857850039
2025-03-17T00:00:00Z,0.71690,648930936
2025-03-18T00:00:00Z,0.70100,640981594
2025-03-19T00:00:00Z,0.74330,883980255
2025-03-20T00:00:00Z,0.71740,714524411
2025-03-21T00:00:00Z,0.70440,475329370
2025-03-22T00:00:00Z,0.70090,327340397
2025-03-23T00:00:00Z,0.71030,415106794
2025-03-24T00:00:00Z,0.73170,660654188
2025-03-25T00:00:00Z,0.74410,835504179
2025-03-26T00:00:00Z,0.72820,775428335
2025-03-27T00:00:00Z,0.73790,497630705
2025-03-28T00:00:00Z,0.70570,748469051
2025-03-29T00:00:00Z,0.67260,655472272
2025-03-30T00:00:00Z,0.66070,557633348
2025-03-31T00:00:00Z,0.66130,834072439
2025-04-01T00:00:00Z,0.67690,689154927
2025-04-02T00:00:00Z,0.63950,884494828
2025-04-03T00:00:00Z,0.65040,716236376
2025-04-04T00:00:00Z,0.66010,838807778
2025-04-05T00:00:00Z,0.65440,343185251
2025-04-06T00:00:00Z,0.57310,908849071
2025-04-07T00:00:00Z,0.58600,2085198326
2025-04-08T00:00:00Z,0.55800,1349595417
2025-04-09T00:00:00Z,0.63140,1586153000
2025-04-10T00:00:00Z,0.60910,862593021
2025-04-11T00:00:00Z,0.62350,705893272
2025-04-12T00:00:00Z,0.65930,591374695
2025-04-13T00:00:00Z,0.63800,591517678
2025-04-14T00:00:00Z,0.63470,668214669
2025-04-15T00:00:00Z,0.60850,658410267
2025-04-16T00:00:00Z,0.61020,627130341
2025-04-17T00:00:00Z,0.61650,438287095
2025-04-18T00:00:00Z,0.62740,368742484
2025-04-19T00:00:00Z,0.62770,295774645
2025-04-20T00:00:00Z,0.61990,376809413
2025-04-21T00:00:00Z,0.62370,678923292
2025-04-22T00:00:00Z,0.67930,869309818
2025-04-23T00:00:00Z,0.69740,913299898
2025-04-24T00:00:00Z,0.72150,921300615
2025-04-25T00:00:00Z,0.71310,835176339
2025-04-26T00:00:00Z,0.70650,531982512
2025-04-27T00:00:00Z,0.70300,501902339
2025-04-28T00:00:00Z,0.70520,776080024
2025-04-29T00:00:00Z,0.69510,539548634
2025-04-30T00:00:00Z,0.68110,532391381
2025-05-01T00:00:00Z,0.70470,528108729
2025-05-02T00:00:00Z,0.69790,583587224
2025-05-03T00:00:00Z,0.69910,675488559
2025-05-04T00:00:00Z,0.67560,611173221
2025-05-05T00:00:00Z,0.66170,647611072
2025-05-06T00:00:00Z,0.67850,630444638
2025-05-07T00:00:00Z,0.67130,609168336
2025-05-08T00:00:00Z,0.76930,1123301390
2025-05-09T00:00:00Z,0.77710,1033189769
2025-05-10T00:00:00Z,0.84060,880538278
2025-05-11T00:00:00Z,0.80490,739915309
2025-05-12T00:00:00Z,0.81660,1165851068
2025-05-13T00:00:00Z,0.82970,784979387
2025-05-14T00:00:00Z,0.79810,736235395
2025-05-15T00:00:00Z,0.76200,940463942
2025-05-16T00:00:00Z,0.75840,480021782
2025-05-17T00:00:00Z,0.74240,666482196
2025-05-18T00:00:00Z,0.75950,655080982
2025-05-19T00:00:00Z,0.74240,610875603
2025-05-20T00:00:00Z,0.74580,533743172
2025-05-21T00:00:00Z,0.76910,741456778
2025-05-22T00:00:00Z,0.80920,513715337
2025-05-23T00:00:00Z,0.74680,910042125
2025-05-24T00:00:00Z,0.74630,368787630
2025-05-25T00:00:00Z,0.75930,492837433
2025-05-26T00:00:00Z,0.75980,411382219
2025-05-27T00:00:00Z,0.75800,438636691
2025-05-28T00:00:00Z,0.74730,432664178
2025-05-29T00:00:00Z,0.72170,516926534
2025-05-30T00:00:00Z,0.68840,751957382
2025-05-31T00:00:00Z,0.68560,635721132
2025-06-01T00:00:00Z,0.68530,536146834
2025-06-02T00:00:00Z,0.68950,505274990
2025-06-03T00:00:00Z,0.68340,508315690
2025-06-04T00:00:00Z,0.66520,475342063
2025-06-05T00:00:00Z,0.62510,849008421
2025-06-06T00:00:00Z,0.65510,605116081
2025-06-07T00:00:00Z,0.66400,346335925
2025-06-08T00:00:00Z,0.67000,479353559
2025-06-09T00:00:00Z,0.70460,563240622
2025-06-10T00:00:00Z,0.71660,738211529
2025-06-11T00:00:00Z,0.69760,660772916
2025-06-12T00:00:00Z,0.66090,571773263
2025-06-13T00:00:00Z,0.64180,821533299
2025-06-14T00:00:00Z,0.62420,361698658
2025-06-15T00:00:00Z,0.63310,298538946
2025-06-16T00:00:00Z,0.63000,527913516
2025-06-17T00:00:00Z,0.60870,673224435
2025-06-18T00:00:00Z,0.60380,581651364
2025-06-19T00:00:00Z,0.60180,357341585
2025-06-20T00:00:00Z,0.57710,630596674
2025-06-21T00:00:00Z,0.55590,503834808
2025-06-22T00:00:00Z,0.54150,1054952594
2025-06-23T00:00:00Z,0.58170,898280908
2025-06-24T00:00:00Z,0.58720,525933525
2025-06-25T00:00:00Z,0.56680,455516012
2025-06-26T00:00:00Z,0.55400,492999709
2025-06-27T00:00:00Z,0.55840,438247617
2025-06-28T00:00:00Z,0.56520,261746009
2025-06-29T00:00:00Z,0.57700,416587266
2025-06-30T00:00:00Z,0.57190,746138505
2025-07-01T00:00:00Z,0.54160,697785718
2025-07-02T00:00:00Z,0.58400,837198804
2025-07-03T00:00:00Z,0.59900,702546726
2025-07-04T00:00:00Z,0.57200,549203115
2025-07-05T00:00:00Z,0.57520,308382061
2025-07-06T00:00:00Z,0.58540,371096703
2025-07-07T00:00:00Z,0.58020,505990583
2025-07-08T00:00:00Z,0.58810,461861259
2025-07-09T00:00:00Z,0.62230,834887876
2025-07-10T00:00:00Z,0.67740,899429444
2025-07-11T00:00:00Z,0.70930,1825806976
2025-07-12T00:00:00Z,0.70870,854689208
2025-07-13T00:00:00Z,0.73640,881849757
2025-07-14T00:00:00Z,0.73490,1057597125
2025-07-15T00:00:00Z,0.74680,993921495
2025-07-16T00:00:00Z,0.76440,864245214
2025-07-17T00:00:00Z,0.82170,1733201216
2025-07-18T00:00:00Z,0.81580,1877937772
2025-07-19T00:00:00Z,0.82960,633659198
2025-07-20T00:00:00Z,0.85800,971129338
2025-07-21T00:00:00Z,0.88910,1388263683
2025-07-22T00:00:00Z,0.90400,1234028082
2025-07-23T00:00:00Z,0.81570,1316648284
2025-07-24T00:00:00Z,0.80570,1446532447
2025-07-25T00:00:00Z,0.81570,986752765
2025-07-26T00:00:00Z,0.81970,450280388
2025-07-27T00:00:00Z,0.83170,516615979
2025-07-28T00:00:00Z,0.79270,796460962
2025-07-29T00:00:00Z,0.78240,624432910
2025-07-30T00:00:00Z,0.76290,690920518
2025-07-31T00:00:00Z,0.73860,568865828
2025-08-01T00:00:00Z,0.71390,983724481
2025-08-02T00:00:00Z,0.69700,584686441
2025-08-03T00:00:00Z,0.72660,413193336
2025-08-04T00:00:00Z,0.75440,483918483
2025-08-05T00:00:00Z,0.72540,575536175
2025-08-06T00:00:00Z,0.74090,433027395
2025-08-07T00:00:00Z,0.78710,723464867
2025-08-08T00:00:00Z,0.79100,845688611
2025-08-09T00:00:00Z,0.80250,601185604
2025-08-10T00:00:00Z,0.80110,674768071
2025-08-11T00:00:00Z,0.77230,876947963
2025-08-12T00:00:00Z,0.84110,937947763
2025-08-13T00:00:00Z,0.90440,1095243334
2025-08-14T00:00:00Z,0.92510,3469361652
2025-08-15T00:00:00Z,0.94470,1954093413
2025-08-16T00:00:00Z,0.92050,1312100195
2025-08-17T00:00:00Z,0.96070,1357254511
2025-08-18T00:00:00Z,0.92290,1432587616
2025-08-19T00:00:00Z,0.84590,1817084766
2025-08-20T00:00:00Z,0.88050,1383708179
2025-08-21T00:00:00Z,0.85140,897754810
2025-08-22T00:00:00Z,0.93150,1763674474
2025-08-23T00:00:00Z,0.91400,933859465
2025-08-24T00:00:00Z,0.90830,1414555281
2025-08-25T00:00:00Z,0.83660,1535358839
2025-08-26T00:00:00Z,0.86610,811367694
2025-08-27T00:00:00Z,0.85040,741368487
2025-08-28T00:00:00Z,0.85710,645109014
2025-08-29T00:00:00Z,0.82650,974610840
2025-08-30T00:00:00Z,0.82190,478112833
2025-08-31T00:00:00Z,0.81070,402606550
2025-09-01T00:00:00Z,0.80090,1049825184
2025-09-02T00:00:00Z,0.83480,741374522
2025-09-03T00:00:00Z,0.83640,394395847
2025-09-04T00:00:00Z,0.80880,480304649
2025-09-05T00:00:00Z,0.83040,708731987
2025-09-06T00:00:00Z,0.81790,268827118
2025-09-07T00:00:00Z,0.83490,336056284
2025-09-08T00:00:00Z,0.86510,597867702
2025-09-09T00:00:00Z,0.86480,771643784
2025-09-10T00:00:00Z,0.88530,509378268
2025-09-11T00:00:00Z,0.89370,554223799
2025-09-12T00:00:00Z,0.91690,586837544
2025-09-13T00:00:00Z,0.92940,785092405
2025-09-14T00:00:00Z,0.88730,541777070
2025-09-15T00:00:00Z,0.86270,658794461
2025-09-16T00:00:00Z,0.87980,449612240
2025-09-17T00:00:00Z,0.91340,733917156
2025-09-18T00:00:00Z,0.92410,697027637
2025-09-19T00:00:00Z,0.88990,666585177
2025-09-20T00:00:00Z,0.89260,308656577
2025-09-21T00:00:00Z,0.88350,330149092
2025-09-22T00:00:00Z,0.82520,913821321
2025-09-23T00:00:00Z,0.80560,483074197
2025-09-24T00:00:00Z,0.81240,393713420
2025-09-25T00:00:00Z,0.76330,928181289
2025-09-26T00:00:00Z,0.79150,571484404
2025-09-27T00:00:00Z,0.78070,225971120
2025-09-28T00:00:00Z,0.80830,324961802
2025-09-29T00:00:00Z,0.80560,413961961
2025-09-30T00:00:00Z,0.80700,457296403
2025-10-01T00:00:00Z,0.85050,493225035
2025-10-02T00:00:00Z,0.87030,535272702
2025-10-03T00:00:00Z,0.86530,566634679
2025-10-04T00:00:00Z,0.83910,354524674
2025-10-05T00:00:00Z,0.83660,725660593
2025-10-06T00:00:00Z,0.87160,680948956
2025-10-07T00:00:00Z,0.81950,770320855
2025-10-08T00:00:00Z,0.83850,582401613
2025-10-09T00:00:00Z,0.81500,581240609
2025-10-10T00:00:00Z,0.63470,2569499077
2025-10-11T00:00:00Z,0.63100,1374271383
2025-10-12T00:00:00Z,0.69950,921986686
2025-10-13T00:00:00Z,0.72820,874587662
2025-10-14T00:00:00Z,0.69830,1015340424
2025-10-15T00:00:00Z,0.66800,602590271
2025-10-16T00:00:00Z,0.64470,733836111
2025-10-17T00:00:00Z,0.62430,899496549
2025-10-18T00:00:00Z,0.63400,277301419
2025-10-19T00:00:00Z,0.65240,470437522
2025-10-20T00:00:00Z,0.66220,517060773
2025-10-21T00:00:00Z,0.64230,661952436
2025-10-22T00:00:00Z,0.62340,658399160
2025-10-23T00:00:00Z,0.64260,377647261
2025-10-24T00:00:00Z,0.65560,418000894
2025-10-25T00:00:00Z,0.65400,223770392
2025-10-26T00:00:00Z,0.68090,366151239
2025-10-27T00:00:00Z,0.66670,485684217
2025-10-28T00:00:00Z,0.64540,638808409
2025-10-29T00:00:00Z,0.63970,675686400
2025-10-30T00:00:00Z,0.60130,765715087
2025-10-31T00:00:00Z,0.60870,495260382
2025-11-01T00:00:00Z,0.61240,240830603
2025-11-02T00:00:00Z,0.61030,333538354
2025-11-03T00:00:00Z,0.55260,1031559914
2025-11-04T00:00:00Z,0.52060,1350991643
2025-11-05T00:00:00Z,0.54490,749302590
2025-11-06T00:00:00Z,0.53160,583125530
2025-11-07T00:00:00Z,0.57600,799258054
2025-11-08T00:00:00Z,0.56820,501165957
2025-11-09T00:00:00Z,0.57850,435381260
2025-11-10T00:00:00Z,0.59240,427934004
2025-11-11T00:00:00Z,0.55600,497168370
2025-11-12T00:00:00Z,0.54540,528021782
2025-11-13T00:00:00Z,0.52940,698358618
2025-11-14T00:00:00Z,0.49810,806103757
2025-11-15T00:00:00Z,0.50320,350197353
2025-11-16T00:00:00Z,0.48440,665711870
2025-11-17T00:00:00Z,0.46590,900053291
2025-11-18T00:00:00Z,0.47510,776881728
2025-11-19T00:00:00Z,0.46370,806271138
2025-11-20T00:00:00Z,0.43220,850893454
2025-11-21T00:00:00Z,0.40890,1737055538
2025-11-22T00:00:00Z,0.40430,558775161
2025-11-23T00:00:00Z,0.40830,536877607
2025-11-24T00:00:00Z,0.42740,662177902
2025-11-25T00:00:00Z,0.42170,637019502
2025-11-26T00:00:00Z,0.43550,544039168
2025-11-27T00:00:00Z,0.43290,449688625
2025-11-28T00:00:00Z,0.41970,626323277
2025-11-29T00:00:00Z,0.41440,400925608
2025-11-30T00:00:00Z,0.41390,434287355
2025-12-01T00:00:00Z,0.38530,1116804289
2025-12-02T00:00:00Z,0.43340,873312838
2025-12-03T00:00:00Z,0.44980,783053893
2025-12-04T00:00:00Z,0.43900,551856790
2025-12-05T00:00:00Z,0.41550,570485525
2025-12-06T00:00:00Z,0.41350,290394512
2025-12-07T00:00:00Z,0.41710,618756741
2025-12-08T00:00:00Z,0.43260,584645332
2025-12-09T00:00:00Z,0.46940,1044690670
2025-12-10T00:00:00Z,0.45340,806140575
2025-12-11T00:00:00Z,0.42510,1040648536
2025-12-12T00:00:00Z,0.40890,754571721
2025-12-13T00:00:00Z,0.41030,337057311
2025-12-14T00:00:00Z,0.39600,517016355
2025-12-15T00:00:00Z,0.38790,735161501
2025-12-16T00:00:00Z,0.38570,562561198
2025-12-17T00:00:00Z,0.36720,867443609
2025-12-18T00:00:00Z,0.35120,897503266
2025-12-19T00:00:00Z,0.37660,680254764
2025-12-20T00:00:00Z,0.37280,278134952
2025-12-21T00:00:00Z,0.36590,489068720
2025-12-22T00:00:00Z,0.37100,727208399
2025-12-23T00:00:00Z,0.36270,488280363
2025-12-24T00:00:00Z,0.35650,466759219
2025-12-25T00:00:00Z,0.34330,620786747
2025-12-26T00:00:00Z,0.34940,625102475
2025-12-27T00:00:00Z,0.36990,427566324
2025-12-28T00:00:00Z,0.36840,490914188
2025-12-29T00:00:00Z,0.35280,782336625
2025-12-30T00:00:00Z,0.35100,549536402
2025-12-31T00:00:00Z,0.33320,749805435
2026-01-01T00:00:00Z,0.35640,639212842
2026-01-02T00:00:00Z,0.39480,1021451166
2026-01-03T00:00:00Z,0.38930,538277931
2026-01-04T00:00:00Z,0.40040,639595004
2026-01-05T00:00:00Z,0.42090,959866201
2026-01-06T00:00:00Z,0.41930,1059430708
2026-01-07T00:00:00Z,0.40200,670427110
2026-01-08T00:00:00Z,0.39550,883106748
2026-01-09T00:00:00Z,0.39120,661888539
2026-01-10T00:00:00Z,0.38820,267576865
2026-01-11T00:00:00Z,0.39070,432011988
2026-01-12T00:00:00Z,0.38590,800462302
2026-01-13T00:00:00Z,0.42190,844861111
2026-01-14T00:00:00Z,0.41410,778136764
2026-01-15T00:00:00Z,0.39340,752602174
2026-01-16T00:00:00Z,0.39540,576617783
2026-01-17T00:00:00Z,0.39720,368215359
2026-01-18T00:00:00Z,0.37540,496273889
2026-01-19T00:00:00Z,0.37010,956317245
2026-01-20T00:00:00Z,0.35050,898635743
2026-01-21T00:00:00Z,0.36590,898811489
2026-01-22T00:00:00Z,0.35920,556883443
2026-01-23T00:00:00Z,0.36010,592325656
2026-01-24T00:00:00Z,0.35820,226510904
2026-01-25T00:00:00Z,0.33880,684683093
2026-01-26T00:00:00Z,0.35200,595813197
2026-01-27T00:00:00Z,0.36050,581576639
2026-01-28T00:00:00Z,0.35810,529561869
2026-01-29T00:00:00Z,0.33440,917887462
2026-01-30T00:00:00Z,0.32060,1004195510
2026-01-31T00:00:00Z,0.29340,1617777946
2026-02-01T00:00:00Z,0.28560,987252698
2026-02-02T00:00:00Z,0.29890,1140707507
2026-02-03T00:00:00Z,0.29150,1178495911
2026-02-04T00:00:00Z,0.28620,1023541846
2026-02-05T00:00:00Z,0.24510,2139804960
2026-02-06T00:00:00Z,0.27590,2280121895
2026-02-07T00:00:00Z,0.27190,986688353
2026-02-08T00:00:00Z,0.26980,504142488
2026-02-09T00:00:00Z,0.26970,645857448
2026-02-10T00:00:00Z,0.26170,569361934
2026-02-11T00:00:00Z,0.25570,724922802
2026-02-12T00:00:00Z,0.26430,668474997
2026-02-13T00:00:00Z,0.27270,533120009
2026-02-14T00:00:00Z,0.29490,667004072
2026-02-15T00:00:00Z,0.28160,819491052
2026-02-16T00:00:00Z,0.28570,541035204
2026-02-17T00:00:00Z,0.28090,534336952
2026-02-18T00:00:00Z,0.27340,506754616
2026-02-19T00:00:00Z,0.27280,492611446
2026-02-20T00:00:00Z,0.28470,761899936
2026-02-21T00:00:00Z,0.27970,382397355
2026-02-22T00:00:00Z,0.27150,393600016
2026-02-23T00:00:00Z,0.26220,802290359
2026-02-24T00:00:00Z,0.25840,568237086
2026-02-25T00:00:00Z,0.29710,1501055751
2026-02-26T00:00:00Z,0.28680,895510094
2026-02-27T00:00:00Z,0.27740,699399313
2026-02-28T00:00:00Z,0.28080,1081174923
2026-03-01T00:00:00Z,0.27340,835095968
2026-03-02T00:00:00Z,0.27680,828996148
2026-03-03T00:00:00Z,0.26230,916423160
2026-03-04T00:00:00Z,0.27620,1268221206
2026-03-05T00:00:00Z,0.26890,794685639
2026-03-06T00:00:00Z,0.25890,687258047
2026-03-07T00:00:00Z,0.25430,571025802
2026-03-08T00:00:00Z,0.24900,734976114
2026-03-09T00:00:00Z,0.25500,805121254
2026-03-10T00:00:00Z,0.26190,890927660
2026-03-11T00:00:00Z,0.26240,660541271
2026-03-12T00:00:00Z,0.26340,557466618
2026-03-13T00:00:00Z,0.26540,836268680
2026-03-14T00:00:00Z,0.26320,432414040
2026-03-15T00:00:00Z,0.27010,524866597
2026-03-16T00:00:00Z,0.29030,1216022002
2026-03-17T00:00:00Z,0.28880,792873490
2026-03-18T00:00:00Z,0.27410,861368927
2026-03-19T00:00:00Z,0.26740,589569440
2026-03-20T00:00:00Z,0.26590,530358723
2026-03-21T00:00:00Z,0.25710,391220963
2026-03-22T00:00:00Z,0.25040,658156336
2026-03-23T00:00:00Z,0.26150,1046700289
2026-03-24T00:00:00Z,0.26630,583836614
2026-03-25T00:00:00Z,0.27040,650760418
2026-03-26T00:00:00Z,0.25450,658004393
2026-03-27T00:00:00Z,0.24580,645777090
2026-03-28T00:00:00Z,0.24580,521858099
2026-03-29T00:00:00Z,0.23980,690831865
2026-03-30T00:00:00Z,0.24330,766710964
2026-03-31T00:00:00Z,0.24160,887462513
2026-04-01T00:00:00Z,0.24840,842026514
2026-04-02T00:00:00Z,0.23920,1018977609
2026-04-03T00:00:00Z,0.24620,653451540
2026-04-04T00:00:00Z,0.24770,397724978
2026-04-05T00:00:00Z,0.25070,544560470
2026-04-06T00:00:00Z,0.24580,805079059
2026-04-07T00:00:00Z,0.26270,961619726
2026-04-08T00:00:00Z,0.25050,713048301
2026-04-09T00:00:00Z,0.25410,577241801
2026-04-10T00:00:00Z,0.25410,554488731
2026-04-11T00:00:00Z,0.24940,677953742
2026-04-12T00:00:00Z,0.23590,808277796
2026-04-13T00:00:00Z,0.24860,884330301
2026-04-14T00:00:00Z,0.23930,778870726
2026-04-15T00:00:00Z,0.24600,697936314
2026-04-16T00:00:00Z,0.25900,1129285391
2026-04-17T00:00:00Z,0.25850,881263181
2026-04-18T00:00:00Z,0.24900,575371591
2026-04-19T00:00:00Z,0.24230,684175263
2026-04-20T00:00:00Z,0.24780,608366936
2026-04-21T00:00:00Z,0.24970,617384492
2026-04-22T00:00:00Z,0.24820,633289341
2026-04-23T00:00:00Z,0.24960,672734450
2026-04-24T00:00:00Z,0.25020,474804608
2026-04-25T00:00:00Z,0.25010,492405371
2026-04-26T00:00:00Z,0.25200,472656110
2026-04-27T00:00:00Z,0.24790,739161493
2026-04-28T00:00:00Z,0.24660,504982466
2026-04-29T00:00:00Z,0.24440,905389977
2026-04-30T00:00:00Z,0.24610,491512234
2026-05-01T00:00:00Z,0.24800,528802373
2026-05-02T00:00:00Z,0.25010,368331674
2026-05-03T00:00:00Z,0.24940,449770740
2026-05-04T00:00:00Z,0.24970,941475447
2026-05-05T00:00:00Z,0.26190,814068673
2026-05-06T00:00:00Z,0.26690,833495520
2026-05-07T00:00:00Z,0.26250,587596517
2026-05-08T00:00:00Z,0.27340,551004446
2026-05-09T00:00:00Z,0.27070,397908669
2026-05-10T00:00:00Z,0.28220,852421956
2026-05-11T00:00:00Z,0.28010,664476863
2026-05-12T00:00:00Z,0.27090,676692443
2026-05-13T00:00:00Z,0.26460,706602035
2026-05-14T00:00:00Z,0.27040,706660338
2026-05-15T00:00:00Z,0.26130,655313086
2026-05-16T00:00:00Z,0.25490,466096196
2026-05-17T00:00:00Z,0.25200,556966359
2026-05-18T00:00:00Z,0.25150,709378069
2026-05-19T00:00:00Z,0.24800,421597056
2026-05-20T00:00:00Z,0.24900,469898306
2026-05-21T00:00:00Z,0.25050,733575080
2026-05-22T00:00:00Z,0.24220,775246113
2026-05-23T00:00:00Z,0.24590,783373200
2026-05-24T00:00:00Z,0.24200,417841063
2026-05-25T00:00:00Z,0.24350,498333595
2026-05-26T00:00:00Z,0.23990,666452882
2026-05-27T00:00:00Z,0.23710,695440236
2026-05-28T00:00:00Z,0.23480,951742877
2026-05-29T00:00:00Z,0.23280,699262139
2026-05-30T00:00:00Z,0.23580,474828087
2026-05-31T00:00:00Z,0.23550,496245879
2026-06-01T00:00:00Z,0.23090,908575938
2026-06-02T00:00:00Z,0.21280,1385538478
2026-06-03T00:00:00Z,0.20020,1192144554
2026-06-04T00:00:00Z,0.17960,2330491554
2026-06-05T00:00:00Z,0.15650,3534661760
2026-06-06T00:00:00Z,0.15720,1871155243
2026-06-07T00:00:00Z,0.16520,1444703105
2026-06-08T00:00:00Z,0.17020,1161367426
2026-06-09T00:00:00Z,0.16520,1095529298
2026-06-10T00:00:00Z,0.16050,1367835862
2026-06-11T00:00:00Z,0.17060,1055502580
2026-06-12T00:00:00Z,0.16960,1011878430
2026-06-13T00:00:00Z,0.17160,710538166
2026-06-14T00:00:00Z,0.18290,1030563114
2026-06-15T00:00:00Z,0.17830,1420834548
2026-06-16T00:00:00Z,0.17230,1043902344
2026-06-17T00:00:00Z,0.16670,1279621539
2026-06-18T00:00:00Z,0.16360,887777976
2026-06-19T00:00:00Z,0.16190,705596648
2026-06-20T00:00:00Z,0.16310,536439707
2026-06-21T00:00:00Z,0.15640,688172043
2026-06-22T00:00:00Z,0.15840,823425123
2026-06-23T00:00:00Z,0.15140,1053299352
2026-06-24T00:00:00Z,0.14760,1650865650
2026-06-25T00:00:00Z,0.14380,1170977850
2026-06-26T00:00:00Z,0.14840,1118875583
2026-06-27T00:00:00Z,0.14520,524332791
2026-06-28T00:00:00Z,0.14370,498080448
2026-06-29T00:00:00Z,0.14570,717532633
2026-06-30T00:00:00Z,0.14420,640706496
2026-07-01T00:00:00Z,0.15390,1507387608
2026-07-02T00:00:00Z,0.16140,1004035938
2026-07-03T00:00:00Z,0.17980,1581750462
2026-07-04T00:00:00Z,0.19200,1729991690
2026-07-05T00:00:00Z,0.18950,1268011715
2026-07-06T00:00:00Z,0.18400,1382196138
2026-07-07T00:00:00Z,0.17450,956469585
2026-07-08T00:00:00Z,0.16690,936432319
2026-07-09T00:00:00Z,0.16650,740777365
2026-07-10T00:00:00Z,0.16650,734326639
2026-07-11T00:00:00Z,0.16780,128835784
