timestamp,symbol,rate,mark_price,spot_price
2025-11-03T16:00:00Z,DASHUSDT,0.0001,85.23,85.23
2025-11-04T00:00:00Z,DASHUSDT,0.0001,119.32,119.32
2025-11-04T08:00:00Z,DASHUSDT,0.0001,129.11,129.11
2025-11-04T16:00:00Z,DASHUSDT,-0.001087585465866483,123.67,123.67
2025-11-05T00:00:00Z,DASHUSDT,0.0001,120.65,120.65
2025-11-05T08:00:00Z,DASHUSDT,0.0001,119.59,119.59
2025-11-05T16:00:00Z,DASHUSDT,0.002778871126652599,114.31,114.31
2025-11-06T00:00:00Z,DASHUSDT,0.001798660487692799,104.45,104.45
2025-11-06T08:00:00Z,DASHUSDT,0.0001,105.44,105.44
2025-11-06T16:00:00Z,DASHUSDT,-0.003950529191121845,114.03,114.03
2025-11-07T00:00:00Z,DASHUSDT,-0.006549381226358587,112.25,112.25
2025-11-07T08:00:00Z,DASHUSDT,-0.008943373241700212,116.74,116.74
2025-11-07T16:00:00Z,DASHUSDT,-0.001817443242695929,108.26,108.26
2025-11-08T00:00:00Z,DASHUSDT,0.0001,101.26,101.26
2025-11-08T08:00:00Z,DASHUSDT,0.0001,85.41,85.41
2025-11-08T16:00:00Z,DASHUSDT,0.0001,77.37,77.37
2025-11-09T00:00:00Z,DASHUSDT,0.0001,81.49,81.49
2025-11-09T08:00:00Z,DASHUSDT,0.0001,78.89,78.89
2025-11-09T16:00:00Z,DASHUSDT,-0.002489677539618545,86,86
2025-11-10T00:00:00Z,DASHUSDT,-0.00128804395355828,81.68,81.68
2025-11-10T08:00:00Z,DASHUSDT,0.0001,82.69,82.69
2025-11-10T16:00:00Z,DASHUSDT,0.0001,79.41,79.41
2025-11-11T00:00:00Z,DASHUSDT,0.000158576675500689,72.73,72.73
2025-11-11T08:00:00Z,DASHUSDT,0.0001,71.32,71.32
2025-11-11T16:00:00Z,DASHUSDT,0.0001,69.23,69.23
2025-11-12T00:00:00Z,DASHUSDT,0.0001,67.08,67.08
2025-11-12T08:00:00Z,DASHUSDT,0.0001,68.53,68.53
2025-11-12T16:00:00Z,DASHUSDT,0.0001,65.18,65.18
2025-11-13T00:00:00Z,DASHUSDT,0.0001,67.15,67.15
2025-11-13T08:00:00Z,DASHUSDT,0.00016780021986641,67.63,67.63
2025-11-13T16:00:00Z,DASHUSDT,0.0001,67.25,67.25
2025-11-14T00:00:00Z,DASHUSDT,0.000560725915807342,63.75,63.75
2025-11-14T08:00:00Z,DASHUSDT,0.001415321466643823,65.42,65.42
2025-11-14T16:00:00Z,DASHUSDT,0.0001,73.59,73.59
2025-11-15T00:00:00Z,DASHUSDT,0.0001,74.19,74.19
2025-11-15T08:00:00Z,DASHUSDT,-0.001910818633484077,82.68,82.68
2025-11-15T16:00:00Z,DASHUSDT,-0.002679965976926576,78.89,78.89
2025-11-16T00:00:00Z,DASHUSDT,-0.011272113375785213,92,92
2025-11-16T08:00:00Z,DASHUSDT,-0.005918086594881222,88.4,88.4
2025-11-16T16:00:00Z,DASHUSDT,-0.011837850956113701,93.61,93.61
2025-11-17T00:00:00Z,DASHUSDT,-0.007144999871168018,85.16,85.16
2025-11-17T08:00:00Z,DASHUSDT,-0.010161054836116329,83.31,83.31
2025-11-17T16:00:00Z,DASHUSDT,-0.007928535434842134,83.46,83.46
2025-11-18T00:00:00Z,DASHUSDT,-0.001302043386223788,81.96,81.96
2025-11-18T08:00:00Z,DASHUSDT,0.0001,74.87,74.87
2025-11-18T16:00:00Z,DASHUSDT,0.0001,75.87,75.87
2025-11-19T00:00:00Z,DASHUSDT,-0.002467083269775885,77.23,77.23
2025-11-19T08:00:00Z,DASHUSDT,0.0001,76.21,76.21
2025-11-19T16:00:00Z,DASHUSDT,-0.001857967087669183,77.52,77.52
2025-11-20T00:00:00Z,DASHUSDT,0.0001,79.31,79.31
2025-11-20T08:00:00Z,DASHUSDT,-0.001982069361770001,80.06,80.06
2025-11-20T16:00:00Z,DASHUSDT,-0.001675957498769018,77.31,77.31
2025-11-21T00:00:00Z,DASHUSDT,-0.000938596886515607,73.16,73.16
2025-11-21T08:00:00Z,DASHUSDT,0.0001,66.77,66.77
2025-11-21T16:00:00Z,DASHUSDT,-0.000499337071293264,64.66,64.66
2025-11-22T00:00:00Z,DASHUSDT,0.0001,60.66,60.66
2025-11-22T08:00:00Z,DASHUSDT,0.0001,55.31,55.31
2025-11-22T16:00:00Z,DASHUSDT,0.0001,57.39,57.39
2025-11-23T00:00:00Z,DASHUSDT,-0.000134705484213768,57.07,57.07
2025-11-23T08:00:00Z,DASHUSDT,-0.001095689726113891,59.58,59.58
2025-11-23T16:00:00Z,DASHUSDT,-0.00157298053893448,60.76,60.76
2025-11-24T00:00:00Z,DASHUSDT,0.0001,56.44,56.44
2025-11-24T08:00:00Z,DASHUSDT,0.0001,55.84,55.84
2025-11-24T16:00:00Z,DASHUSDT,0.0001,58.85,58.85
2025-11-25T00:00:00Z,DASHUSDT,0.0001,56.59,56.59
2025-11-25T08:00:00Z,DASHUSDT,0.0001,55.85,55.85
2025-11-25T16:00:00Z,DASHUSDT,0.0001,55.6,55.6
2025-11-26T00:00:00Z,DASHUSDT,0.0001,57.25,57.25
2025-11-26T08:00:00Z,DASHUSDT,-0.001087514705878744,59.79,59.79
2025-11-26T16:00:00Z,DASHUSDT,-0.002570586367249424,62.98,62.98
2025-11-27T00:00:00Z,DASHUSDT,-0.007174462542376852,69.36,69.36
2025-11-27T08:00:00Z,DASHUSDT,-0.001932469873704185,63.7,63.7
2025-11-27T16:00:00Z,DASHUSDT,-0.003059893209176089,64.41,64.41
2025-11-28T00:00:00Z,DASHUSDT,-0.002370973530574079,61.62,61.62
2025-11-28T08:00:00Z,DASHUSDT,-0.000396592652744928,58.84,58.84
2025-11-28T16:00:00Z,DASHUSDT,-0.001825858315508824,59.17,59.17
2025-11-29T00:00:00Z,DASHUSDT,-0.000972338485206303,58.21,58.21
2025-11-29T08:00:00Z,DASHUSDT,-0.000471280749294433,57.12,57.12
2025-11-29T16:00:00Z,DASHUSDT,-0.000201079133747211,57.08,57.08
2025-11-30T00:00:00Z,DASHUSDT,0.0001,56.49,56.49
2025-11-30T08:00:00Z,DASHUSDT,-0.000151236200627635,55.98,55.98
2025-11-30T16:00:00Z,DASHUSDT,-0.000037855122599353,55.08,55.08
2025-12-01T00:00:00Z,DASHUSDT,0.0001,53.38,53.38
2025-12-01T08:00:00Z,DASHUSDT,0.0001,47.84,47.84
2025-12-01T16:00:00Z,DASHUSDT,0.0001,49.14,49.14
2025-12-02T00:00:00Z,DASHUSDT,0.0001,48.3,48.3
2025-12-02T08:00:00Z,DASHUSDT,0.0001,46.9,46.9
2025-12-02T16:00:00Z,DASHUSDT,0.0001,50.33,50.33
2025-12-03T00:00:00Z,DASHUSDT,0.000071212723289548,47.29,47.29
2025-12-03T08:00:00Z,DASHUSDT,0.0001,47.21,47.21
2025-12-03T16:00:00Z,DASHUSDT,-0.001346305553727191,50.22,50.22
2025-12-04T00:00:00Z,DASHUSDT,0.0001,48.81,48.81
2025-12-04T08:00:00Z,DASHUSDT,0.000066148269322893,49.65,49.65
2025-12-04T16:00:00Z,DASHUSDT,-0.000325722980566482,49.45,49.45
2025-12-05T00:00:00Z,DASHUSDT,0.0001,49.38,49.38
2025-12-05T08:00:00Z,DASHUSDT,0.000082119774888288,51.11,51.11
2025-12-05T16:00:00Z,DASHUSDT,-0.001099167564068357,48.17,48.17
2025-12-06T00:00:00Z,DASHUSDT,-0.001458696770267192,46.84,46.84
2025-12-06T08:00:00Z,DASHUSDT,-0.00098651439600707,48.5,48.5
2025-12-06T16:00:00Z,DASHUSDT,-0.000421066689608862,46.8,46.8
2025-12-07T00:00:00Z,DASHUSDT,0.000033209869299986,47.29,47.29
2025-12-07T08:00:00Z,DASHUSDT,0.0001,46.6,46.6
2025-12-07T16:00:00Z,DASHUSDT,-0.000146494361977758,45.03,45.03
2025-12-08T00:00:00Z,DASHUSDT,0.0001,44.45,44.45
2025-12-08T08:00:00Z,DASHUSDT,0.0001,47.18,47.18
2025-12-08T16:00:00Z,DASHUSDT,0.0001,47.4,47.4
2025-12-09T00:00:00Z,DASHUSDT,0.0001,49.59,49.59
2025-12-09T08:00:00Z,DASHUSDT,0.0001,48.78,48.78
2025-12-09T16:00:00Z,DASHUSDT,0.0001,50.64,50.64
2025-12-10T00:00:00Z,DASHUSDT,0.0001,50.26,50.26
2025-12-10T08:00:00Z,DASHUSDT,0.0001,50.01,50.01
2025-12-10T16:00:00Z,DASHUSDT,0.0001,48.21,48.21
2025-12-11T00:00:00Z,DASHUSDT,-0.00005216634806592,46.75,46.75
2025-12-11T08:00:00Z,DASHUSDT,0.0001,47.14,47.14
2025-12-11T16:00:00Z,DASHUSDT,0.0001,48.75,48.75
2025-12-12T00:00:00Z,DASHUSDT,0.0001,48.02,48.02
2025-12-12T08:00:00Z,DASHUSDT,0.0001,47.51,47.51
2025-12-12T16:00:00Z,DASHUSDT,0.0001,46.31,46.31
2025-12-13T00:00:00Z,DASHUSDT,0.0001,46.5,46.5
2025-12-13T08:00:00Z,DASHUSDT,0.0001,46.18,46.18
2025-12-13T16:00:00Z,DASHUSDT,0.0001,44.91,44.91
2025-12-14T00:00:00Z,DASHUSDT,0.0001,44.91,44.91
2025-12-14T08:00:00Z,DASHUSDT,0.0001,44.02,44.02
2025-12-14T16:00:00Z,DASHUSDT,0.0001,42.02,42.02
2025-12-15T00:00:00Z,DASHUSDT,0.0001,40.98,40.98
2025-12-15T08:00:00Z,DASHUSDT,0.0001,42.16,42.16
2025-12-15T16:00:00Z,DASHUSDT,0.0001,42.04,42.04
2025-12-16T00:00:00Z,DASHUSDT,0.0001,40.87,40.87
2025-12-16T08:00:00Z,DASHUSDT,0.0001,39.86,39.86
2025-12-16T16:00:00Z,DASHUSDT,0.0001,42.18,42.18
2025-12-17T00:00:00Z,DASHUSDT,0.0001,41.08,41.08
2025-12-17T08:00:00Z,DASHUSDT,0.0001,40.06,40.06
2025-12-17T16:00:00Z,DASHUSDT,0.0001,40.05,40.05
2025-12-18T00:00:00Z,DASHUSDT,0.0001,38.12,38.12
2025-12-18T08:00:00Z,DASHUSDT,0.0001,37.9,37.9
2025-12-18T16:00:00Z,DASHUSDT,0.0001,38.6,38.6
2025-12-19T00:00:00Z,DASHUSDT,0.0001,35.79,35.79
2025-12-19T08:00:00Z,DASHUSDT,0.0001,37.41,37.41
2025-12-19T16:00:00Z,DASHUSDT,0.0001,37.79,37.79
2025-12-20T00:00:00Z,DASHUSDT,0.0001,38.72,38.72
2025-12-20T08:00:00Z,DASHUSDT,0.0001,40.27,40.27
2025-12-20T16:00:00Z,DASHUSDT,0.0001,39.88,39.88
2025-12-21T00:00:00Z,DASHUSDT,0.0001,40.03,40.03
2025-12-21T08:00:00Z,DASHUSDT,0.0001,39.65,39.65
2025-12-21T16:00:00Z,DASHUSDT,0.0001,38,38
2025-12-22T00:00:00Z,DASHUSDT,0.0001,38.4,38.4
2025-12-22T08:00:00Z,DASHUSDT,0.0001,38.74,38.74
2025-12-22T16:00:00Z,DASHUSDT,0.0001,38.89,38.89
2025-12-23T00:00:00Z,DASHUSDT,0.0001,38.4,38.4
2025-12-23T08:00:00Z,DASHUSDT,0.0001,37.49,37.49
2025-12-23T16:00:00Z,DASHUSDT,0.0001,37.38,37.38
2025-12-24T00:00:00Z,DASHUSDT,0.0001,37.86,37.86
2025-12-24T08:00:00Z,DASHUSDT,0.0001,36.56,36.56
2025-12-24T16:00:00Z,DASHUSDT,0.0001,37.44,37.44
2025-12-25T00:00:00Z,DASHUSDT,0.0001,38.39,38.39
2025-12-25T08:00:00Z,DASHUSDT,0.0001,39.58,39.58
2025-12-25T16:00:00Z,DASHUSDT,0.0001,39.43,39.43
2025-12-26T00:00:00Z,DASHUSDT,0.0001,38,38
2025-12-26T08:00:00Z,DASHUSDT,0.0001,38.82,38.82
2025-12-26T16:00:00Z,DASHUSDT,0.0001,38.96,38.96
2025-12-27T00:00:00Z,DASHUSDT,0.0001,39.31,39.31
2025-12-27T08:00:00Z,DASHUSDT,0.0001,39.97,39.97
2025-12-27T16:00:00Z,DASHUSDT,0.0001,46.22,46.22
2025-12-28T00:00:00Z,DASHUSDT,0.0001,44.64,44.64
2025-12-28T08:00:00Z,DASHUSDT,0.0001,44.81,44.81
2025-12-28T16:00:00Z,DASHUSDT,0.0001,44.89,44.89
2025-12-29T00:00:00Z,DASHUSDT,0.0001,43.97,43.97
2025-12-29T08:00:00Z,DASHUSDT,0.0001,44.28,44.28
2025-12-29T16:00:00Z,DASHUSDT,0.0001,42.34,42.34
2025-12-30T00:00:00Z,DASHUSDT,0.0001,42.38,42.38
2025-12-30T08:00:00Z,DASHUSDT,0.0001,42.48,42.48
2025-12-30T16:00:00Z,DASHUSDT,0.0001,43.59,43.59
2025-12-31T00:00:00Z,DASHUSDT,0.0001,42.6,42.6
2025-12-31T08:00:00Z,DASHUSDT,0.0001,42.43,42.43
2025-12-31T16:00:00Z,DASHUSDT,0.0001,41.59,41.59
2026-01-01T00:00:00Z,DASHUSDT,0.0001,41.65,41.65
2026-01-01T08:00:00Z,DASHUSDT,0.0001,41.55,41.55
2026-01-01T16:00:00Z,DASHUSDT,0.0001,42.98,42.98
2026-01-02T00:00:00Z,DASHUSDT,0.0001,43.3,43.3
2026-01-02T08:00:00Z,DASHUSDT,0.0001,42.07,42.07
2026-01-02T16:00:00Z,DASHUSDT,0.0001,41.56,41.56
2026-01-03T00:00:00Z,DASHUSDT,0.0001,42.8,42.8
2026-01-03T08:00:00Z,DASHUSDT,0.0001,42.65,42.65
2026-01-03T16:00:00Z,DASHUSDT,0.0001,42.89,42.89
2026-01-04T00:00:00Z,DASHUSDT,0.0001,43.28,43.28
2026-01-04T08:00:00Z,DASHUSDT,0.0001,42.78,42.78
2026-01-04T16:00:00Z,DASHUSDT,0.0001,43.65,43.65
2026-01-05T00:00:00Z,DASHUSDT,0.0001,43.5,43.5
2026-01-05T08:00:00Z,DASHUSDT,0.0001,42.99,42.99
2026-01-05T16:00:00Z,DASHUSDT,0.0001,43.05,43.05
2026-01-06T00:00:00Z,DASHUSDT,0.0001,44.01,44.01
2026-01-06T08:00:00Z,DASHUSDT,-0.000171682728618935,43.97,43.97
2026-01-06T16:00:00Z,DASHUSDT,0.0001,45.25,45.25
2026-01-07T00:00:00Z,DASHUSDT,0.0001,44.61,44.61
2026-01-07T08:00:00Z,DASHUSDT,0.0001,43.22,43.22
2026-01-07T16:00:00Z,DASHUSDT,0.0001,41.15,41.15
2026-01-08T00:00:00Z,DASHUSDT,0.0001,40.89,40.89
2026-01-08T08:00:00Z,DASHUSDT,0.0001,40.09,40.09
2026-01-08T16:00:00Z,DASHUSDT,0.0001,39.01,39.01
2026-01-09T00:00:00Z,DASHUSDT,0.0001,38.71,38.71
2026-01-09T08:00:00Z,DASHUSDT,0.0001,39.3,39.3
2026-01-09T16:00:00Z,DASHUSDT,0.0001,38.53,38.53
2026-01-10T00:00:00Z,DASHUSDT,0.0001,37.81,37.81
2026-01-10T08:00:00Z,DASHUSDT,0.0001,37.13,37.13
2026-01-10T16:00:00Z,DASHUSDT,0.0001,37.22,37.22
2026-01-11T00:00:00Z,DASHUSDT,0.0001,37.29,37.29
2026-01-11T08:00:00Z,DASHUSDT,0.0001,37.32,37.32
2026-01-11T16:00:00Z,DASHUSDT,0.0001,37.7,37.7
2026-01-12T00:00:00Z,DASHUSDT,0.0001,37.25,37.25
2026-01-12T08:00:00Z,DASHUSDT,0.0001,37.76,37.76
2026-01-12T16:00:00Z,DASHUSDT,0.0001,38.3,38.3
2026-01-13T00:00:00Z,DASHUSDT,0.0001,39.39,39.39
2026-01-13T08:00:00Z,DASHUSDT,0.0001,45.95,45.95
2026-01-13T16:00:00Z,DASHUSDT,-0.003758686519617177,57.4,57.4
2026-01-14T00:00:00Z,DASHUSDT,-0.008577035209378843,58.72,58.72
2026-01-14T08:00:00Z,DASHUSDT,-0.010257085776751077,64.47,64.47
2026-01-14T16:00:00Z,DASHUSDT,-0.008039786601680963,84.66,84.66
2026-01-15T00:00:00Z,DASHUSDT,-0.000125285111920821,79.72,79.72
2026-01-15T08:00:00Z,DASHUSDT,-0.002127323445013679,85.54,85.54
2026-01-15T16:00:00Z,DASHUSDT,-0.002697649310589043,79.28,79.28
2026-01-16T00:00:00Z,DASHUSDT,-0.000830240242507105,80.36,80.36
2026-01-16T08:00:00Z,DASHUSDT,-0.003773037591005994,93.55,93.55
2026-01-16T16:00:00Z,DASHUSDT,-0.004283227504441768,91.06,91.06
2026-01-17T00:00:00Z,DASHUSDT,-0.005501449971513407,85.23,85.23
2026-01-17T08:00:00Z,DASHUSDT,-0.000334901583810444,77.58,77.58
2026-01-17T16:00:00Z,DASHUSDT,-0.000549951756686077,75.51,75.51
2026-01-18T00:00:00Z,DASHUSDT,-0.000313075894149863,74.41,74.41
2026-01-18T08:00:00Z,DASHUSDT,-0.000411332204950687,75.06,75.06
2026-01-18T16:00:00Z,DASHUSDT,-0.013393359695862588,90.87,90.87
2026-01-19T00:00:00Z,DASHUSDT,0.0001,79.1,79.1
2026-01-19T08:00:00Z,DASHUSDT,-0.002082749607962842,85.61,85.61
2026-01-19T16:00:00Z,DASHUSDT,-0.00021410790085099,78.53,78.53
2026-01-20T00:00:00Z,DASHUSDT,0.0001,75.49,75.49
2026-01-20T08:00:00Z,DASHUSDT,0.000624333941897824,70.96,70.96
2026-01-20T16:00:00Z,DASHUSDT,0.0001,73.36,73.36
2026-01-21T00:00:00Z,DASHUSDT,0.0001,69.84,69.84
2026-01-21T08:00:00Z,DASHUSDT,0.0001,70.42,70.42
2026-01-21T16:00:00Z,DASHUSDT,0.0001,69.7,69.7
2026-01-22T00:00:00Z,DASHUSDT,0.0001,67.33,67.33
2026-01-22T08:00:00Z,DASHUSDT,0.0001,66.98,66.98
2026-01-22T16:00:00Z,DASHUSDT,0.0001,64.74,64.74
2026-01-23T00:00:00Z,DASHUSDT,0.0001,62.9,62.9
2026-01-23T08:00:00Z,DASHUSDT,0.0001,66.98,66.98
2026-01-23T16:00:00Z,DASHUSDT,0.0001,70.6,70.6
2026-01-24T00:00:00Z,DASHUSDT,-0.00042944982550421,67.6,67.6
2026-01-24T08:00:00Z,DASHUSDT,0.0001,65.62,65.62
2026-01-24T16:00:00Z,DASHUSDT,0.0001,64.78,64.78
2026-01-25T00:00:00Z,DASHUSDT,0.0001,63.38,63.38
2026-01-25T08:00:00Z,DASHUSDT,0.0001,63.8,63.8
2026-01-25T16:00:00Z,DASHUSDT,0.0001,62.04,62.04
2026-01-26T00:00:00Z,DASHUSDT,0.0001,58.84,58.84
2026-01-26T08:00:00Z,DASHUSDT,0.0001,59.85,59.85
2026-01-26T16:00:00Z,DASHUSDT,0.0001,60.74,60.74
2026-01-27T00:00:00Z,DASHUSDT,0.0001,59.96,59.96
2026-01-27T08:00:00Z,DASHUSDT,0.0001,63.32,63.32
2026-01-27T16:00:00Z,DASHUSDT,0.0001,61.2,61.2
2026-01-28T00:00:00Z,DASHUSDT,0.0001,62.5,62.5
2026-01-28T08:00:00Z,DASHUSDT,0.0001,62.07,62.07
2026-01-28T16:00:00Z,DASHUSDT,0.0001,58.83,58.83
2026-01-29T00:00:00Z,DASHUSDT,0.0001,58.38,58.38
2026-01-29T08:00:00Z,DASHUSDT,-0.000302867121355104,56.57,56.57
2026-01-29T16:00:00Z,DASHUSDT,0.000051643567777077,55.07,55.07
2026-01-30T00:00:00Z,DASHUSDT,0.0001,54.61,54.61
2026-01-30T08:00:00Z,DASHUSDT,0.0001,51.84,51.84
2026-01-30T16:00:00Z,DASHUSDT,0.0001,49.76,49.76
2026-01-31T00:00:00Z,DASHUSDT,0.0001,51.3,51.3
2026-01-31T08:00:00Z,DASHUSDT,0.0001,48.17,48.17
2026-01-31T16:00:00Z,DASHUSDT,0.0001,45.07,45.07
2026-02-01T00:00:00Z,DASHUSDT,0.0001,44.25,44.25
2026-02-01T08:00:00Z,DASHUSDT,0.0001,45.01,45.01
2026-02-01T16:00:00Z,DASHUSDT,0.0001,43.5,43.5
2026-02-02T00:00:00Z,DASHUSDT,0.0001,43.92,43.92
2026-02-02T08:00:00Z,DASHUSDT,0.0001,43.87,43.87
2026-02-02T16:00:00Z,DASHUSDT,0.0001,44.86,44.86
2026-02-03T00:00:00Z,DASHUSDT,0.0001,44.12,44.12
2026-02-03T08:00:00Z,DASHUSDT,0.0001,44.24,44.24
2026-02-03T16:00:00Z,DASHUSDT,0.0001,43.84,43.84
2026-02-04T00:00:00Z,DASHUSDT,0.0001,41.47,41.47
2026-02-04T08:00:00Z,DASHUSDT,0.0001,42.21,42.21
2026-02-04T16:00:00Z,DASHUSDT,0.0001,40.83,40.83
2026-02-05T00:00:00Z,DASHUSDT,0.0001,39.58,39.58
2026-02-05T08:00:00Z,DASHUSDT,0.0001,39.19,39.19
2026-02-05T16:00:00Z,DASHUSDT,0.0001,37.12,37.12
2026-02-06T00:00:00Z,DASHUSDT,0.0001,34.04,34.04
2026-02-06T08:00:00Z,DASHUSDT,0.0001,35.18,35.18
2026-02-06T16:00:00Z,DASHUSDT,0.0001,37.47,37.47
2026-02-07T00:00:00Z,DASHUSDT,0.0001,37.75,37.75
2026-02-07T08:00:00Z,DASHUSDT,0.0001,35.2,35.2
2026-02-07T16:00:00Z,DASHUSDT,0.0001,36.61,36.61
2026-02-08T00:00:00Z,DASHUSDT,0.0001,36.82,36.82
2026-02-08T08:00:00Z,DASHUSDT,0.0001,36.09,36.09
2026-02-08T16:00:00Z,DASHUSDT,0.0001,36.56,36.56
2026-02-09T00:00:00Z,DASHUSDT,0.0001,37.12,37.12
2026-02-09T08:00:00Z,DASHUSDT,0.0001,36.14,36.14
2026-02-09T16:00:00Z,DASHUSDT,0.0001,36.07,36.07
2026-02-10T00:00:00Z,DASHUSDT,0.0001,36.55,36.55
2026-02-10T08:00:00Z,DASHUSDT,0.0001,35.3,35.3
2026-02-10T16:00:00Z,DASHUSDT,0.0001,35.12,35.12
2026-02-11T00:00:00Z,DASHUSDT,0.0001,35.19,35.19
2026-02-11T08:00:00Z,DASHUSDT,0.0001,33.53,33.53
2026-02-11T16:00:00Z,DASHUSDT,0.0001,33.01,33.01
2026-02-12T00:00:00Z,DASHUSDT,0.0001,33.94,33.94
2026-02-12T08:00:00Z,DASHUSDT,0.0001,34.36,34.36
2026-02-12T16:00:00Z,DASHUSDT,0.0001,34.16,34.16
2026-02-13T00:00:00Z,DASHUSDT,0.0001,34.35,34.35
2026-02-13T08:00:00Z,DASHUSDT,0.0001,34.21,34.21
2026-02-13T16:00:00Z,DASHUSDT,0.0001,35.55,35.55
2026-02-14T00:00:00Z,DASHUSDT,0.0001,37.01,37.01
2026-02-14T08:00:00Z,DASHUSDT,0.0001,39.76,39.76
2026-02-14T16:00:00Z,DASHUSDT,0.0001,38.56,38.56
2026-02-15T00:00:00Z,DASHUSDT,0.0001,40.11,40.11
2026-02-15T08:00:00Z,DASHUSDT,-0.000116198367739415,40.66,40.66
2026-02-15T16:00:00Z,DASHUSDT,0.0001,37.81,37.81
2026-02-16T00:00:00Z,DASHUSDT,0.0001,37.45,37.45
2026-02-16T08:00:00Z,DASHUSDT,0.0001,36.91,36.91
2026-02-16T16:00:00Z,DASHUSDT,0.0001,37.11,37.11
2026-02-17T00:00:00Z,DASHUSDT,0.0001,38.05,38.05
2026-02-17T08:00:00Z,DASHUSDT,0.0001,37.9,37.9
2026-02-17T16:00:00Z,DASHUSDT,0.0001,37.26,37.26
2026-02-18T00:00:00Z,DASHUSDT,0.0001,37.27,37.27
2026-02-18T08:00:00Z,DASHUSDT,0.0001,38.03,38.03
2026-02-18T16:00:00Z,DASHUSDT,0.0001,37.35,37.35
2026-02-19T00:00:00Z,DASHUSDT,0.00006902433285546,35.47,35.47
2026-02-19T08:00:00Z,DASHUSDT,-0.00004356510407241,36.17,36.17
2026-02-19T16:00:00Z,DASHUSDT,0.0001,34.34,34.34
2026-02-20T00:00:00Z,DASHUSDT,0.0001,34.54,34.54
2026-02-20T08:00:00Z,DASHUSDT,0.0001,33.82,33.82
2026-02-20T16:00:00Z,DASHUSDT,0.0001,33.6,33.6
2026-02-21T00:00:00Z,DASHUSDT,0.0001,35.23,35.23
2026-02-21T08:00:00Z,DASHUSDT,0.0001,34.3,34.3
2026-02-21T16:00:00Z,DASHUSDT,0.0001,34.47,34.47
2026-02-22T00:00:00Z,DASHUSDT,0.0001,33.9,33.9
2026-02-22T08:00:00Z,DASHUSDT,0.000094556962472628,34.3,34.3
2026-02-22T16:00:00Z,DASHUSDT,-0.000023510262178159,33.33,33.33
2026-02-23T00:00:00Z,DASHUSDT,-0.000048085267616197,33.09,33.09
2026-02-23T08:00:00Z,DASHUSDT,-0.000663513378354209,32.62,32.62
2026-02-23T16:00:00Z,DASHUSDT,-0.000938956921699748,32.92,32.92
2026-02-24T00:00:00Z,DASHUSDT,-0.000216235870797523,31.96,31.96
2026-02-24T08:00:00Z,DASHUSDT,-0.000170325259537777,31.43,31.43
2026-02-24T16:00:00Z,DASHUSDT,0.000009211982198097,32.43,32.43
2026-02-25T00:00:00Z,DASHUSDT,0.0001,32.34,32.34
2026-02-25T08:00:00Z,DASHUSDT,0.0001,33.12,33.12
2026-02-25T16:00:00Z,DASHUSDT,0.0001,34.81,34.81
2026-02-26T00:00:00Z,DASHUSDT,0.0001,34.73,34.73
2026-02-26T08:00:00Z,DASHUSDT,0.0001,35.24,35.24
2026-02-26T16:00:00Z,DASHUSDT,0.0001,34.57,34.57
2026-02-27T00:00:00Z,DASHUSDT,0.0001,34.14,34.14
2026-02-27T08:00:00Z,DASHUSDT,0.0001,34.97,34.97
2026-02-27T16:00:00Z,DASHUSDT,0.0001,33.76,33.76
2026-02-28T00:00:00Z,DASHUSDT,0.0001,33.25,33.25
2026-02-28T08:00:00Z,DASHUSDT,0.0001,31.09,31.09
2026-02-28T16:00:00Z,DASHUSDT,0.0001,31.71,31.71
2026-03-01T00:00:00Z,DASHUSDT,0.0001,32.88,32.88
2026-03-01T08:00:00Z,DASHUSDT,0.0001,33.8,33.8
2026-03-01T16:00:00Z,DASHUSDT,0.0001,32.56,32.56
2026-03-02T00:00:00Z,DASHUSDT,0.0001,31.85,31.85
2026-03-02T08:00:00Z,DASHUSDT,0.0001,31.64,31.64
2026-03-02T16:00:00Z,DASHUSDT,0.0001,33.93,33.93
2026-03-03T00:00:00Z,DASHUSDT,0.0001,34.76,34.76
2026-03-03T08:00:00Z,DASHUSDT,0.0001,34.02,34.02
2026-03-03T16:00:00Z,DASHUSDT,0.0001,33.09,33.09
2026-03-04T00:00:00Z,DASHUSDT,0.0001,34.16,34.16
2026-03-04T08:00:00Z,DASHUSDT,0.0001,34.64,34.64
2026-03-04T16:00:00Z,DASHUSDT,0.0001,35.98,35.98
2026-03-05T00:00:00Z,DASHUSDT,0.0001,35.03,35.03
2026-03-05T08:00:00Z,DASHUSDT,0.0001,34.51,34.51
2026-03-05T16:00:00Z,DASHUSDT,0.0001,34.35,34.35
2026-03-06T00:00:00Z,DASHUSDT,0.0001,34.3,34.3
2026-03-06T08:00:00Z,DASHUSDT,0.0001,34.34,34.34
2026-03-06T16:00:00Z,DASHUSDT,0.0001,32.48,32.48
2026-03-07T00:00:00Z,DASHUSDT,0.0001,32.44,32.44
2026-03-07T08:00:00Z,DASHUSDT,0.0001,32.36,32.36
2026-03-07T16:00:00Z,DASHUSDT,0.0001,32.38,32.38
2026-03-08T00:00:00Z,DASHUSDT,0.0001,31.77,31.77
2026-03-08T08:00:00Z,DASHUSDT,0.0001,31.22,31.22
2026-03-08T16:00:00Z,DASHUSDT,0.0001,30.8,30.8
2026-03-09T00:00:00Z,DASHUSDT,-0.000072766421756896,30.38,30.38
2026-03-09T08:00:00Z,DASHUSDT,0.000065278476711913,31.64,31.64
2026-03-09T16:00:00Z,DASHUSDT,0.0001,32.16,32.16
2026-03-10T00:00:00Z,DASHUSDT,0.0001,32.07,32.07
2026-03-10T08:00:00Z,DASHUSDT,0.0001,32.87,32.87
2026-03-10T16:00:00Z,DASHUSDT,0.0001,33.23,33.23
2026-03-11T00:00:00Z,DASHUSDT,0.0001,32.29,32.29
2026-03-11T08:00:00Z,DASHUSDT,0.00000113223901492,31.92,31.92
2026-03-11T16:00:00Z,DASHUSDT,0.0001,32.14,32.14
2026-03-12T00:00:00Z,DASHUSDT,0.0001,32.41,32.41
2026-03-12T08:00:00Z,DASHUSDT,0.0001,32.31,32.31
2026-03-12T16:00:00Z,DASHUSDT,0.0001,32.64,32.64
2026-03-13T00:00:00Z,DASHUSDT,0.0001,32.85,32.85
2026-03-13T08:00:00Z,DASHUSDT,0.0001,33.26,33.26
2026-03-13T16:00:00Z,DASHUSDT,0.0001,33.04,33.04
2026-03-14T00:00:00Z,DASHUSDT,0.0001,32.28,32.28
2026-03-14T08:00:00Z,DASHUSDT,0.0001,32.43,32.43
2026-03-14T16:00:00Z,DASHUSDT,0.0001,32.41,32.41
2026-03-15T00:00:00Z,DASHUSDT,0.0001,32.63,32.63
2026-03-15T08:00:00Z,DASHUSDT,0.0001,33.63,33.63
2026-03-15T16:00:00Z,DASHUSDT,0.0001,33.32,33.32
2026-03-16T00:00:00Z,DASHUSDT,0.0001,33.83,33.83
2026-03-16T08:00:00Z,DASHUSDT,0.0001,34.71,34.71
2026-03-16T16:00:00Z,DASHUSDT,0.0001,34.12,34.12
2026-03-17T00:00:00Z,DASHUSDT,0.0001,35.92,35.92
2026-03-17T08:00:00Z,DASHUSDT,0.0001,35.17,35.17
2026-03-17T16:00:00Z,DASHUSDT,0.0001,35.13,35.13
2026-03-18T00:00:00Z,DASHUSDT,0.0001,35.28,35.28
2026-03-18T08:00:00Z,DASHUSDT,-0.000150660333743006,35.26,35.26
2026-03-18T16:00:00Z,DASHUSDT,-0.000230854188407033,32.7,32.7
2026-03-19T00:00:00Z,DASHUSDT,-0.000347114159054807,32.53,32.53
2026-03-19T08:00:00Z,DASHUSDT,0.000078958785004061,31.77,31.77
2026-03-19T16:00:00Z,DASHUSDT,0.0001,31.31,31.31
2026-03-20T00:00:00Z,DASHUSDT,0.0001,31.33,31.33
2026-03-20T08:00:00Z,DASHUSDT,0.0001,31.78,31.78
2026-03-20T16:00:00Z,DASHUSDT,0.0001,31.64,31.64
2026-03-21T00:00:00Z,DASHUSDT,0.0001,32.01,32.01
2026-03-21T08:00:00Z,DASHUSDT,0.0001,32.09,32.09
2026-03-21T16:00:00Z,DASHUSDT,0.0001,33.17,33.17
2026-03-22T00:00:00Z,DASHUSDT,0.0001,31.33,31.33
2026-03-22T08:00:00Z,DASHUSDT,0.0001,31.16,31.16
2026-03-22T16:00:00Z,DASHUSDT,0.0001,32.26,32.26
2026-03-23T00:00:00Z,DASHUSDT,0.0001,32.15,32.15
2026-03-23T08:00:00Z,DASHUSDT,0.0001,33.04,33.04
2026-03-23T16:00:00Z,DASHUSDT,0.0001,33.93,33.93
2026-03-24T00:00:00Z,DASHUSDT,0.0001,34.45,34.45
2026-03-24T08:00:00Z,DASHUSDT,0.0001,34.04,34.04
2026-03-24T16:00:00Z,DASHUSDT,0.0001,33.94,33.94
2026-03-25T00:00:00Z,DASHUSDT,0.0001,34.31,34.31
2026-03-25T08:00:00Z,DASHUSDT,0.0001,34.07,34.07
2026-03-25T16:00:00Z,DASHUSDT,0.0001,33.89,33.89
2026-03-26T00:00:00Z,DASHUSDT,0.0001,34.09,34.09
2026-03-26T08:00:00Z,DASHUSDT,0.0001,33.27,33.27
2026-03-26T16:00:00Z,DASHUSDT,0.0001,32.61,32.61
2026-03-27T00:00:00Z,DASHUSDT,0.0001,32.28,32.28
2026-03-27T08:00:00Z,DASHUSDT,0.0001,32.75,32.75
2026-03-27T16:00:00Z,DASHUSDT,0.0001,31.84,31.84
2026-03-28T00:00:00Z,DASHUSDT,0.0001,31.61,31.61
2026-03-28T08:00:00Z,DASHUSDT,0.0001,31.82,31.82
2026-03-28T16:00:00Z,DASHUSDT,0.0001,32.25,32.25
2026-03-29T00:00:00Z,DASHUSDT,0.0001,31.68,31.68
2026-03-29T08:00:00Z,DASHUSDT,0.0001,31.8,31.8
2026-03-29T16:00:00Z,DASHUSDT,0.0001,31.65,31.65
2026-03-30T00:00:00Z,DASHUSDT,0.0001,31.8,31.8
2026-03-30T08:00:00Z,DASHUSDT,0.0001,32.73,32.73
2026-03-30T16:00:00Z,DASHUSDT,0.0001,32.43,32.43
2026-03-31T00:00:00Z,DASHUSDT,0.0001,32.04,32.04
2026-03-31T08:00:00Z,DASHUSDT,0.0001,32.2,32.2
2026-03-31T16:00:00Z,DASHUSDT,0.0001,32.38,32.38
2026-04-01T00:00:00Z,DASHUSDT,0.0001,32.68,32.68
2026-04-01T08:00:00Z,DASHUSDT,0.0001,32.73,32.73
2026-04-01T16:00:00Z,DASHUSDT,0.0001,32.18,32.18
2026-04-02T00:00:00Z,DASHUSDT,0.0001,31.6,31.6
2026-04-02T08:00:00Z,DASHUSDT,-0.00132277909043743,30.26,30.26
2026-04-02T16:00:00Z,DASHUSDT,-0.001662522567078852,30.03,30.03
2026-04-03T00:00:00Z,DASHUSDT,-0.001272962250901418,30.07,30.07
2026-04-03T08:00:00Z,DASHUSDT,-0.001227445374472821,30.26,30.26
2026-04-03T16:00:00Z,DASHUSDT,-0.001304090031102163,30.02,30.02
2026-04-04T00:00:00Z,DASHUSDT,-0.001307946771685317,29.78,29.78
2026-04-04T08:00:00Z,DASHUSDT,0.0001,29.75,29.75
2026-04-04T16:00:00Z,DASHUSDT,0.000059491554775505,30.03,30.03
2026-04-05T00:00:00Z,DASHUSDT,0.0001,30.79,30.79
2026-04-05T08:00:00Z,DASHUSDT,0.0001,29.99,29.99
2026-04-05T16:00:00Z,DASHUSDT,0.0001,30.08,30.08
2026-04-06T00:00:00Z,DASHUSDT,0.0001,30.43,30.43
2026-04-06T08:00:00Z,DASHUSDT,0.0001,30.61,30.61
2026-04-06T16:00:00Z,DASHUSDT,0.0001,30.82,30.82
2026-04-07T00:00:00Z,DASHUSDT,0.0001,30.01,30.01
2026-04-07T08:00:00Z,DASHUSDT,0.0001,30.4,30.4
2026-04-07T16:00:00Z,DASHUSDT,0.0001,30.28,30.28
2026-04-08T00:00:00Z,DASHUSDT,0.0001,33.59,33.59
2026-04-08T08:00:00Z,DASHUSDT,0.0001,33.14,33.14
2026-04-08T16:00:00Z,DASHUSDT,0.0001,32.88,32.88
2026-04-09T00:00:00Z,DASHUSDT,0.0001,32.09,32.09
2026-04-09T08:00:00Z,DASHUSDT,0.0001,32.24,32.24
2026-04-09T16:00:00Z,DASHUSDT,0.0001,32.63,32.63
2026-04-10T00:00:00Z,DASHUSDT,0.0001,35.87,35.87
2026-04-10T08:00:00Z,DASHUSDT,0.000018305192468169,39.22,39.22
2026-04-10T16:00:00Z,DASHUSDT,-0.001216240028186052,44.64,44.64
2026-04-11T00:00:00Z,DASHUSDT,-0.002089611030490066,45.68,45.68
2026-04-11T08:00:00Z,DASHUSDT,-0.00044714110834631,43.51,43.51
2026-04-11T16:00:00Z,DASHUSDT,-0.002156977475690739,45.54,45.54
2026-04-12T00:00:00Z,DASHUSDT,-0.00008512938053997,46.21,46.21
2026-04-12T08:00:00Z,DASHUSDT,0.0001,42.16,42.16
2026-04-12T16:00:00Z,DASHUSDT,0.0001,42.28,42.28
2026-04-13T00:00:00Z,DASHUSDT,0.0001,40.9,40.9
2026-04-13T08:00:00Z,DASHUSDT,0.0001,41.27,41.27
2026-04-13T16:00:00Z,DASHUSDT,0.0001,40.95,40.95
2026-04-14T00:00:00Z,DASHUSDT,0.0001,41.32,41.32
2026-04-14T08:00:00Z,DASHUSDT,0.0001,40,40
2026-04-14T16:00:00Z,DASHUSDT,0.0001,39.73,39.73
2026-04-15T00:00:00Z,DASHUSDT,0.0001,38.2,38.2
2026-04-15T08:00:00Z,DASHUSDT,0.0001,38.07,38.07
2026-04-15T16:00:00Z,DASHUSDT,0.0001,38.13,38.13
2026-04-16T00:00:00Z,DASHUSDT,0.0001,38,38
2026-04-16T08:00:00Z,DASHUSDT,0.0001,38.16,38.16
2026-04-16T16:00:00Z,DASHUSDT,0.0001,36.46,36.46
2026-04-17T00:00:00Z,DASHUSDT,0.0001,36.94,36.94
2026-04-17T08:00:00Z,DASHUSDT,0.0001,37.03,37.03
2026-04-17T16:00:00Z,DASHUSDT,0.0001,37.31,37.31
2026-04-18T00:00:00Z,DASHUSDT,0.0001,36.86,36.86
2026-04-18T08:00:00Z,DASHUSDT,0.0001,36.85,36.85
2026-04-18T16:00:00Z,DASHUSDT,0.0001,35.31,35.31
2026-04-19T00:00:00Z,DASHUSDT,0.0001,34.48,34.48
2026-04-19T08:00:00Z,DASHUSDT,0.0001,33.71,33.71
2026-04-19T16:00:00Z,DASHUSDT,0.0001,34.74,34.74
2026-04-20T00:00:00Z,DASHUSDT,0.0001,33.52,33.52
2026-04-20T08:00:00Z,DASHUSDT,0.0001,33.99,33.99
2026-04-20T16:00:00Z,DASHUSDT,0.0001,34.15,34.15
2026-04-21T00:00:00Z,DASHUSDT,0.0001,34.24,34.24
2026-04-21T08:00:00Z,DASHUSDT,0.0001,34.37,34.37
2026-04-21T16:00:00Z,DASHUSDT,0.0001,36.08,36.08
2026-04-22T00:00:00Z,DASHUSDT,0.0001,36.6,36.6
2026-04-22T08:00:00Z,DASHUSDT,0.0001,36.91,36.91
2026-04-22T16:00:00Z,DASHUSDT,0.0001,36.56,36.56
2026-04-23T00:00:00Z,DASHUSDT,-0.000379773300772725,35.31,35.31
2026-04-23T08:00:00Z,DASHUSDT,-0.00019982264709219,34.89,34.89
2026-04-23T16:00:00Z,DASHUSDT,-0.000230330583026117,35.89,35.89
2026-04-24T00:00:00Z,DASHUSDT,0.0001,36.42,36.42
2026-04-24T08:00:00Z,DASHUSDT,-0.000030964416256825,36.02,36.02
2026-04-24T16:00:00Z,DASHUSDT,0.0001,36.74,36.74
2026-04-25T00:00:00Z,DASHUSDT,0.0001,36.56,36.56
2026-04-25T08:00:00Z,DASHUSDT,0.0001,36.12,36.12
2026-04-25T16:00:00Z,DASHUSDT,0.0001,36.02,36.02
2026-04-26T00:00:00Z,DASHUSDT,0.000098476728422843,36.09,36.09
2026-04-26T08:00:00Z,DASHUSDT,0.0001,36.76,36.76
2026-04-26T16:00:00Z,DASHUSDT,0.0001,36.84,36.84
2026-04-27T00:00:00Z,DASHUSDT,0.0001,36.27,36.27
2026-04-27T08:00:00Z,DASHUSDT,0.0001,35.63,35.63
2026-04-27T16:00:00Z,DASHUSDT,0.0001,34.67,34.67
2026-04-28T00:00:00Z,DASHUSDT,-0.000730820841382189,35.43,35.43
2026-04-28T08:00:00Z,DASHUSDT,0.0001,35.07,35.07
2026-04-28T16:00:00Z,DASHUSDT,0.0001,34.77,34.77
2026-04-29T00:00:00Z,DASHUSDT,0.000019544613268745,34.81,34.81
2026-04-29T08:00:00Z,DASHUSDT,0.0001,35.01,35.01
2026-04-29T16:00:00Z,DASHUSDT,0.000061143144414582,34.14,34.14
2026-04-30T00:00:00Z,DASHUSDT,0.0001,34.5,34.5
2026-04-30T08:00:00Z,DASHUSDT,0.0001,34.37,34.37
2026-04-30T16:00:00Z,DASHUSDT,0.0001,34.47,34.47
2026-05-01T00:00:00Z,DASHUSDT,0.0001,35.32,35.32
2026-05-01T08:00:00Z,DASHUSDT,0.0001,35.94,35.94
2026-05-01T16:00:00Z,DASHUSDT,0.0001,36.81,36.81
2026-05-02T00:00:00Z,DASHUSDT,0.0001,37.59,37.59
2026-05-02T08:00:00Z,DASHUSDT,0.0001,37.06,37.06
2026-05-02T16:00:00Z,DASHUSDT,0.0001,37.07,37.07
2026-05-03T00:00:00Z,DASHUSDT,0.0001,37.1,37.1
2026-05-03T08:00:00Z,DASHUSDT,0.0001,37.19,37.19
2026-05-03T16:00:00Z,DASHUSDT,0.0001,39.2,39.2
2026-05-04T00:00:00Z,DASHUSDT,0.0001,39.18,39.18
2026-05-04T08:00:00Z,DASHUSDT,-0.000110512995023157,48.62,48.62
2026-05-04T16:00:00Z,DASHUSDT,0.000039428246184933,48.64,48.64
2026-05-05T00:00:00Z,DASHUSDT,0.0001,47.46,47.46
2026-05-05T08:00:00Z,DASHUSDT,0.0001,45.25,45.25
2026-05-05T16:00:00Z,DASHUSDT,0.0001,45.46,45.46
2026-05-06T00:00:00Z,DASHUSDT,0.0001,49.04,49.04
2026-05-06T08:00:00Z,DASHUSDT,0.0001,53.08,53.08
2026-05-06T16:00:00Z,DASHUSDT,0.0001,54.9,54.9
2026-05-07T00:00:00Z,DASHUSDT,0.0001,51.4,51.4
2026-05-07T08:00:00Z,DASHUSDT,0.0001,52.18,52.18
2026-05-07T16:00:00Z,DASHUSDT,0.0001,50.67,50.67
2026-05-08T00:00:00Z,DASHUSDT,0.0001,52.12,52.12
2026-05-08T08:00:00Z,DASHUSDT,0.0001,49.96,49.96
2026-05-08T16:00:00Z,DASHUSDT,0.0001,49.62,49.62
2026-05-09T00:00:00Z,DASHUSDT,0.0001,50.24,50.24
2026-05-09T08:00:00Z,DASHUSDT,0.0001,50.04,50.04
2026-05-09T16:00:00Z,DASHUSDT,0.0001,49.72,49.72
2026-05-10T00:00:00Z,DASHUSDT,0.0001,48.99,48.99
2026-05-10T08:00:00Z,DASHUSDT,0.0001,49.03,49.03
2026-05-10T16:00:00Z,DASHUSDT,0.0001,49.31,49.31
2026-05-11T00:00:00Z,DASHUSDT,0.0001,47.66,47.66
2026-05-11T08:00:00Z,DASHUSDT,0.0001,46.76,46.76
2026-05-11T16:00:00Z,DASHUSDT,0.0001,46.6,46.6
2026-05-12T00:00:00Z,DASHUSDT,0.0001,46.73,46.73
2026-05-12T08:00:00Z,DASHUSDT,0.0001,46.15,46.15
2026-05-12T16:00:00Z,DASHUSDT,0.0001,45.28,45.28
2026-05-13T00:00:00Z,DASHUSDT,0.0001,46.4,46.4
2026-05-13T08:00:00Z,DASHUSDT,0.0001,46.1,46.1
2026-05-13T16:00:00Z,DASHUSDT,0.0001,43.51,43.51
2026-05-14T00:00:00Z,DASHUSDT,0.0001,43.83,43.83
2026-05-14T08:00:00Z,DASHUSDT,0.0001,43.76,43.76
2026-05-14T16:00:00Z,DASHUSDT,0.0001,45.84,45.84
2026-05-15T00:00:00Z,DASHUSDT,0.0001,46.28,46.28
2026-05-15T08:00:00Z,DASHUSDT,0.0001,45.67,45.67
2026-05-15T16:00:00Z,DASHUSDT,0.0001,43.19,43.19
2026-05-16T00:00:00Z,DASHUSDT,0.0001,43.31,43.31
2026-05-16T08:00:00Z,DASHUSDT,0.0001,41.5,41.5
2026-05-16T16:00:00Z,DASHUSDT,-0.000062505954835342,41.32,41.32
2026-05-17T00:00:00Z,DASHUSDT,0.000005642671737343,41.2,41.2
2026-05-17T08:00:00Z,DASHUSDT,0.0001,42.09,42.09
2026-05-17T16:00:00Z,DASHUSDT,0.0001,41.45,41.45
2026-05-18T00:00:00Z,DASHUSDT,0.0001,40.72,40.72
2026-05-18T08:00:00Z,DASHUSDT,0.000098339520924806,41.35,41.35
2026-05-18T16:00:00Z,DASHUSDT,0.0001,40.83,40.83
2026-05-19T00:00:00Z,DASHUSDT,0.0001,42.73,42.73
2026-05-19T08:00:00Z,DASHUSDT,0.0001,42.98,42.98
2026-05-19T16:00:00Z,DASHUSDT,0.0001,42.29,42.29
2026-05-20T00:00:00Z,DASHUSDT,0.0001,42.13,42.13
2026-05-20T08:00:00Z,DASHUSDT,0.0001,44.62,44.62
2026-05-20T16:00:00Z,DASHUSDT,0.0001,48.27,48.27
2026-05-21T00:00:00Z,DASHUSDT,0.0001,50.69,50.69
2026-05-21T08:00:00Z,DASHUSDT,0.0001,48.39,48.39
2026-05-21T16:00:00Z,DASHUSDT,0.0001,47.95,47.95
2026-05-22T00:00:00Z,DASHUSDT,0.0001,48.88,48.88
2026-05-22T08:00:00Z,DASHUSDT,0.0001,48.03,48.03
2026-05-22T16:00:00Z,DASHUSDT,0.0001,44.7,44.7
2026-05-23T00:00:00Z,DASHUSDT,0.0001,42.67,42.67
2026-05-23T08:00:00Z,DASHUSDT,0.0001,42.4,42.4
2026-05-23T16:00:00Z,DASHUSDT,0.0001,44.99,44.99
2026-05-24T00:00:00Z,DASHUSDT,0.000028721163372329,45.92,45.92
2026-05-24T08:00:00Z,DASHUSDT,-0.000067529067600704,45.08,45.08
2026-05-24T16:00:00Z,DASHUSDT,0.0001,45.45,45.45
2026-05-25T00:00:00Z,DASHUSDT,0.0001,45.85,45.85
2026-05-25T08:00:00Z,DASHUSDT,0.0001,45.56,45.56
2026-05-25T16:00:00Z,DASHUSDT,0.0001,45.61,45.61
2026-05-26T00:00:00Z,DASHUSDT,0.0001,44.71,44.71
2026-05-26T08:00:00Z,DASHUSDT,0.0001,43.91,43.91
2026-05-26T16:00:00Z,DASHUSDT,0.0001,44.53,44.53
2026-05-27T00:00:00Z,DASHUSDT,0.0001,43.54,43.54
2026-05-27T08:00:00Z,DASHUSDT,0.0001,43.58,43.58
2026-05-27T16:00:00Z,DASHUSDT,0.0001,43.88,43.88
2026-05-28T00:00:00Z,DASHUSDT,0.0001,42.54,42.54
2026-05-28T08:00:00Z,DASHUSDT,0.0001,39.97,39.97
2026-05-28T16:00:00Z,DASHUSDT,0.0001,39.42,39.42
2026-05-29T00:00:00Z,DASHUSDT,0.0001,40.17,40.17
2026-05-29T08:00:00Z,DASHUSDT,0.0001,39.82,39.82
2026-05-29T16:00:00Z,DASHUSDT,0.0001,40.4,40.4
2026-05-30T00:00:00Z,DASHUSDT,0.0001,39.43,39.43
2026-05-30T08:00:00Z,DASHUSDT,0.0001,39.15,39.15
2026-05-30T16:00:00Z,DASHUSDT,0.0001,39.42,39.42
2026-05-31T00:00:00Z,DASHUSDT,0.0001,39.42,39.42
2026-05-31T08:00:00Z,DASHUSDT,0.0001,39.63,39.63
2026-05-31T16:00:00Z,DASHUSDT,0.0001,39.47,39.47
2026-06-01T00:00:00Z,DASHUSDT,0.0001,40.26,40.26
2026-06-01T08:00:00Z,DASHUSDT,0.0001,39.17,39.17
2026-06-01T16:00:00Z,DASHUSDT,0.0001,38.81,38.81
2026-06-02T00:00:00Z,DASHUSDT,0.0001,39.57,39.57
2026-06-02T08:00:00Z,DASHUSDT,0.0001,39.43,39.43
2026-06-02T16:00:00Z,DASHUSDT,0.0001,38.22,38.22
2026-06-03T00:00:00Z,DASHUSDT,0.0001,37.73,37.73
2026-06-03T08:00:00Z,DASHUSDT,0.0001,39.96,39.96
2026-06-03T16:00:00Z,DASHUSDT,0.0001,39.69,39.69
2026-06-04T00:00:00Z,DASHUSDT,0.0001,39.21,39.21
2026-06-04T08:00:00Z,DASHUSDT,0.0001,35.38,35.38
2026-06-04T16:00:00Z,DASHUSDT,0.0001,35.8,35.8
2026-06-05T00:00:00Z,DASHUSDT,0.0001,34.19,34.19
2026-06-05T08:00:00Z,DASHUSDT,0.0001,31.7,31.7
2026-06-05T16:00:00Z,DASHUSDT,0.0001,30.52,30.52
2026-06-06T00:00:00Z,DASHUSDT,0.0001,31.49,31.49
2026-06-06T08:00:00Z,DASHUSDT,0.0001,31.47,31.47
2026-06-06T16:00:00Z,DASHUSDT,0.00052439683291843,31.5,31.5
2026-06-07T00:00:00Z,DASHUSDT,0.0001,32.59,32.59
2026-06-07T08:00:00Z,DASHUSDT,0.0001,35.93,35.93
2026-06-07T16:00:00Z,DASHUSDT,0.0001,37.16,37.16
2026-06-08T00:00:00Z,DASHUSDT,0.0001,37.16,37.16
2026-06-08T08:00:00Z,DASHUSDT,0.0001,37.44,37.44
2026-06-08T16:00:00Z,DASHUSDT,0.0001,37.09,37.09
2026-06-09T00:00:00Z,DASHUSDT,0.0001,36.86,36.86
2026-06-09T08:00:00Z,DASHUSDT,0.0001,37.58,37.58
2026-06-09T16:00:00Z,DASHUSDT,0.0001,36.25,36.25
2026-06-10T00:00:00Z,DASHUSDT,0.000966768699709236,35.37,35.37
2026-06-10T08:00:00Z,DASHUSDT,0.000688499936765266,35.1,35.1
2026-06-10T16:00:00Z,DASHUSDT,0.000627269023676957,35.44,35.44
2026-06-11T00:00:00Z,DASHUSDT,0.000266701048402271,33.97,33.97
2026-06-11T08:00:00Z,DASHUSDT,0.000190145040434655,34.8,34.8
2026-06-11T16:00:00Z,DASHUSDT,0.00175187807422921,34.84,34.84
2026-06-12T00:00:00Z,DASHUSDT,0.000909929187795812,36.25,36.25
2026-06-12T08:00:00Z,DASHUSDT,0.000163905874414623,35.13,35.13
2026-06-12T16:00:00Z,DASHUSDT,0.000377390205421408,35.56,35.56
2026-06-13T00:00:00Z,DASHUSDT,0.002235502373661867,34.54,34.54
2026-06-13T08:00:00Z,DASHUSDT,0.0001,35.69,35.69
2026-06-13T16:00:00Z,DASHUSDT,0.0001,35.96,35.96
2026-06-14T00:00:00Z,DASHUSDT,0.00335201900889905,35.69,35.69
2026-06-14T08:00:00Z,DASHUSDT,0.005287995324070797,35.98,35.98
2026-06-14T16:00:00Z,DASHUSDT,0.003513609412640252,35.08,35.08
2026-06-15T00:00:00Z,DASHUSDT,0.000909052483699691,38.57,38.57
2026-06-15T08:00:00Z,DASHUSDT,0.001827027458128492,38.57,38.57
2026-06-15T16:00:00Z,DASHUSDT,0.000494807884779189,40.15,40.15
2026-06-16T00:00:00Z,DASHUSDT,0.0001,38.43,38.43
2026-06-16T08:00:00Z,DASHUSDT,0.0001,38.45,38.45
2026-06-16T16:00:00Z,DASHUSDT,0.0001,37.56,37.56
2026-06-17T00:00:00Z,DASHUSDT,0.0001,37.62,37.62
2026-06-17T08:00:00Z,DASHUSDT,0.0001,37.59,37.59
2026-06-17T16:00:00Z,DASHUSDT,0.0001,37.79,37.79
2026-06-18T00:00:00Z,DASHUSDT,0.0001,36.43,36.43
2026-06-18T08:00:00Z,DASHUSDT,0.000414955708819279,35.97,35.97
2026-06-18T16:00:00Z,DASHUSDT,0.001360993502282244,34.82,34.82
2026-06-19T00:00:00Z,DASHUSDT,0.000758967843735044,35.96,35.96
2026-06-19T08:00:00Z,DASHUSDT,0.0001,35.37,35.37
2026-06-19T16:00:00Z,DASHUSDT,0.000208711273084547,35.98,35.98
2026-06-20T00:00:00Z,DASHUSDT,0.0001,37.46,37.46
2026-06-20T08:00:00Z,DASHUSDT,0.0001,37.16,37.16
2026-06-20T16:00:00Z,DASHUSDT,0.0001,37.21,37.21
2026-06-21T00:00:00Z,DASHUSDT,0.0001,37.18,37.18
2026-06-21T08:00:00Z,DASHUSDT,0.0001,36.86,36.86
2026-06-21T16:00:00Z,DASHUSDT,0.0001,36.85,36.85
2026-06-22T00:00:00Z,DASHUSDT,0.001701687540606454,34.81,34.81
2026-06-22T08:00:00Z,DASHUSDT,0.0001,35.37,35.37
2026-06-22T16:00:00Z,DASHUSDT,0.0001,35.37,35.37
2026-06-23T00:00:00Z,DASHUSDT,0.0001,34.51,34.51
2026-06-23T08:00:00Z,DASHUSDT,0.000202318613299587,34.8,34.8
2026-06-23T16:00:00Z,DASHUSDT,0.001173662172224065,35.09,35.09
2026-06-24T00:00:00Z,DASHUSDT,0.000323456512128675,36.64,36.64
2026-06-24T08:00:00Z,DASHUSDT,0.001067585682412936,35.67,35.67
2026-06-24T16:00:00Z,DASHUSDT,0.0001,34.54,34.54
2026-06-25T00:00:00Z,DASHUSDT,0.0001,33.81,33.81
2026-06-25T08:00:00Z,DASHUSDT,0.000928416295929915,35.66,35.66
2026-06-25T16:00:00Z,DASHUSDT,0.001395187701626167,33.82,33.82
2026-06-26T00:00:00Z,DASHUSDT,0.000840406540078212,34.53,34.53
2026-06-26T08:00:00Z,DASHUSDT,0.001450474690043542,34.52,34.52
2026-06-26T16:00:00Z,DASHUSDT,0.000891870445196127,34.33,34.33
2026-06-27T00:00:00Z,DASHUSDT,0.0001,34.8,34.8
2026-06-27T08:00:00Z,DASHUSDT,0.000178062996412317,34.08,34.08
2026-06-27T16:00:00Z,DASHUSDT,0.000483194811055517,34.63,34.63
2026-06-28T00:00:00Z,DASHUSDT,0.0001,33.34,33.34
2026-06-28T08:00:00Z,DASHUSDT,0.000266201815886088,32.83,32.83
2026-06-28T16:00:00Z,DASHUSDT,0.0001,32.59,32.59
2026-06-29T00:00:00Z,DASHUSDT,0.000175462409164103,32.33,32.33
2026-06-29T08:00:00Z,DASHUSDT,0.000608729020625021,32.98,32.98
2026-06-29T16:00:00Z,DASHUSDT,0.00042116795352572,33.4,33.4
2026-06-30T00:00:00Z,DASHUSDT,0.00064924428568772,33.41,33.41
2026-06-30T08:00:00Z,DASHUSDT,0.000243406013311338,33.4,33.4
2026-06-30T16:00:00Z,DASHUSDT,0.000827072566340298,33.3,33.3
2026-07-01T00:00:00Z,DASHUSDT,0.001893334768362074,32.88,32.88
2026-07-01T08:00:00Z,DASHUSDT,0.000248295875588833,32.68,32.68
2026-07-01T16:00:00Z,DASHUSDT,0.000248896565149413,33.14,33.14
2026-07-02T00:00:00Z,DASHUSDT,0.000245912309413798,33.4,33.4
2026-07-02T08:00:00Z,DASHUSDT,0.000571683510336817,33.69,33.69
2026-07-02T16:00:00Z,DASHUSDT,0.001712183728799154,34.53,34.53
2026-07-03T00:00:00Z,DASHUSDT,0.001763746343671073,34.57,34.57
2026-07-03T08:00:00Z,DASHUSDT,0.000255051395665334,35.76,35.76
2026-07-03T16:00:00Z,DASHUSDT,0.000750922629891771,36.02,36.02
2026-07-04T00:00:00Z,DASHUSDT,0.000864176220094885,36.02,36.02
2026-07-04T08:00:00Z,DASHUSDT,0.000493681278560944,35.34,35.34
2026-07-04T16:00:00Z,DASHUSDT,0.000254962562218385,35.92,35.92
2026-07-05T00:00:00Z,DASHUSDT,0.000253812732755201,35.82,35.82
2026-07-05T08:00:00Z,DASHUSDT,0.00025729155671425,35.66,35.66
2026-07-05T16:00:00Z,DASHUSDT,0.000257639161868341,35.25,35.25
2026-07-06T00:00:00Z,DASHUSDT,0.00025880464837207,35.9,35.9
2026-07-06T08:00:00Z,DASHUSDT,0.000261985281423035,34.87,34.87
2026-07-06T16:00:00Z,DASHUSDT,0.000266480541550485,35.06,35.06
2026-07-07T00:00:00Z,DASHUSDT,0.000262094490719565,35.37,35.37
2026-07-07T08:00:00Z,DASHUSDT,0.000263821776677798,35.37,35.37
2026-07-07T16:00:00Z,DASHUSDT,0.000284246182771148,36.59,36.59
2026-07-08T00:00:00Z,DASHUSDT,0.000961867083901868,35.66,35.66
2026-07-08T08:00:00Z,DASHUSDT,0.000841105794023305,34.25,34.25
2026-07-08T16:00:00Z,DASHUSDT,0.000894762909824037,33.69,33.69
2026-07-09T00:00:00Z,DASHUSDT,0.000205486769338187,34.47,34.47
2026-07-09T08:00:00Z,DASHUSDT,0.000799115388553094,34.51,34.51
2026-07-09T16:00:00Z,DASHUSDT,0.000478011459372277,34.04,34.04
2026-07-10T00:00:00Z,DASHUSDT,0.000214920191692075,34.29,34.29
2026-07-10T08:00:00Z,DASHUSDT,0.000262507235715279,35.27,35.27
2026-07-10T16:00:00Z,DASHUSDT,0.000990576174790551,34.61,34.61
2026-07-11T00:00:00Z,DASHUSDT,0.000267790138059669,35.07,35.07
2026-07-11T08:00:00Z,DASHUSDT,0.000661377295314512,34.83,34.83
2026-07-11T16:00:00Z,DASHUSDT,0.000202723538799608,34.84,34.84
2026-07-12T00:00:00Z,DASHUSDT,0.00065358510048613,34.03,34.03
2026-07-12T08:00:00Z,DASHUSDT,0.000238834628321682,34.35,34.35
2026-07-12T16:00:00Z,DASHUSDT,0.000232800143035722,34.98,34.98
2026-07-13T00:00:00Z,DASHUSDT,0.00178708947267188,34.56,34.56
2026-07-13T08:00:00Z,DASHUSDT,0.001189354106177672,34.24,34.24
2026-07-13T16:00:00Z,DASHUSDT,0.000887890054737444,33.5,33.5
2026-07-14T00:00:00Z,DASHUSDT,0.0001,33.05,33.05
2026-07-14T08:00:00Z,DASHUSDT,0.0001,32.92,32.92
2026-07-14T16:00:00Z,DASHUSDT,0.00023119658148931,34.22,34.22
2026-07-15T00:00:00Z,DASHUSDT,0.000236679145477688,34.24,34.24
2026-07-15T08:00:00Z,DASHUSDT,0.00023105959429353,34.15,34.15
2026-07-15T16:00:00Z,DASHUSDT,0.000220860675471791,34.99,34.99
2026-07-16T00:00:00Z,DASHUSDT,0.000223784583721198,34.68,34.68
2026-07-16T08:00:00Z,DASHUSDT,0.000234233791982769,34.2,34.2
2026-07-16T16:00:00Z,DASHUSDT,0.000239358294419459,34.11,34.11
2026-07-17T00:00:00Z,DASHUSDT,0.0001,33.47,33.47
2026-07-17T08:00:00Z,DASHUSDT,0.000192419393213239,33.58,33.58
2026-07-17T16:00:00Z,DASHUSDT,0.000222366347152043,34.53,34.53
2026-07-18T00:00:00Z,DASHUSDT,0.000222843409114545,34.41,34.41
2026-07-18T08:00:00Z,DASHUSDT,0.000212462934898916,34.04,34.04
2026-07-18T16:00:00Z,DASHUSDT,0.000162073098947552,33.96,33.96
2026-07-19T00:00:00Z,DASHUSDT,0.000204649255330282,34.33,34.33
2026-07-19T08:00:00Z,DASHUSDT,0.000184644567715884,34.59,34.59
2026-07-19T16:00:00Z,DASHUSDT,0.0001,34.22,34.22
2026-07-20T00:00:00Z,DASHUSDT,0.000183154808374498,34.33,34.33
2026-07-20T08:00:00Z,DASHUSDT,0.0001,33.97,33.97
