timestamp,oi,oi_value,top_ls_accounts,top_ls_positions,global_ls_accounts,taker_ls_vol
2026-05-21T00:00:00Z,51902.0300000000000000,11112159.7454625000000000,6.71383648,1.71408600,6.53164557,1.11094500
2026-05-21T08:00:00Z,67477.0400000000000000,14091794.8672106400000000,5.51313131,1.58919400,6.16372203,0.69431700
2026-05-21T16:00:00Z,73020.1100000000000000,15121961.7534944200000000,5.98050682,1.62371500,6.62471396,0.97688300
2026-05-22T00:00:00Z,73286.6900000000000000,15227194.3626998000000000,5.92485549,1.63660000,6.54063205,1.62795700
2026-05-22T00:00:00Z,90148.5900000000000000,18809711.3384996600000000,6.34121123,1.89916000,6.86666667,1.29207100
2026-05-22T08:00:00Z,110255.7400000000000000,22161679.3793500000000000,6.02425876,2.15599800,6.38628472,0.81242900
2026-05-22T16:00:00Z,105085.6000000000000000,20662140.8432000000000000,5.36459709,2.03313700,5.53209459,0.60340300
2026-05-23T00:00:00Z,103724.2400000000000000,20563613.4640080300000000,5.26070991,2.06260200,5.51894563,0.73749500
2026-05-23T00:00:00Z,105030.7900000000000000,20584176.6027037800000000,5.37135279,2.03693000,5.59845890,0.76072500
2026-05-23T08:00:00Z,104981.0200000000000000,21231841.3981842600000000,5.32752179,2.05162600,5.68578554,1.63470900
2026-05-23T16:00:00Z,111426.5800000000000000,22564662.4360600000000000,5.23095823,2.05783700,5.62274959,2.03317100
2026-05-24T00:00:00Z,111405.4500000000000000,22557765.4350750000000000,5.21963190,2.05770100,5.62438625,0.99302100
2026-05-24T00:00:00Z,133605.5800000000000000,28068146.5444531600000000,4.54741379,2.24057800,4.99262537,2.27100400
2026-05-24T08:00:00Z,137191.0000000000000000,28194046.1921680400000000,4.59751973,2.30951800,4.89070632,1.51562700
2026-05-24T16:00:00Z,138940.6300000000000000,28930773.7411200000000000,4.82318501,2.34972700,5.12024353,1.46765600
2026-05-25T00:00:00Z,138814.1500000000000000,28879251.2662618700000000,4.79836830,2.35669200,5.06254710,0.77681400
2026-05-25T00:00:00Z,141655.2600000000000000,29575189.9117095600000000,4.77398015,2.41289500,4.83285714,3.29019700
2026-05-25T08:00:00Z,143313.4800000000000000,29835992.4370871200000000,4.72203765,2.44629200,4.89841499,4.93121600
2026-05-25T16:00:00Z,142587.9600000000000000,29664906.5768457700000000,4.83144796,2.41429400,5.02428256,4.26804400
2026-05-26T00:00:00Z,138869.1600000000000000,28605495.9539597200000000,4.56129032,2.39254700,4.78833693,0.80741200
2026-05-26T00:00:00Z,142610.6600000000000000,29663849.1750413000000000,4.83710407,2.41327700,5.04203540,1.47847100
2026-05-26T08:00:00Z,135595.4200000000000000,27212427.8871280000000000,5.08705882,2.62363200,5.33280381,1.80924600
2026-05-26T16:00:00Z,137261.5700000000000000,27879571.8320620100000000,5.03002309,2.65004700,5.45003997,0.94751800
2026-05-27T00:00:00Z,137271.3300000000000000,27889093.1248967900000000,5.05098494,2.64947600,5.49074819,1.55746900
2026-05-27T00:00:00Z,138420.7700000000000000,28065612.5003952900000000,5.08160920,2.56094400,5.66666667,0.79936900
2026-05-27T08:00:00Z,143964.7800000000000000,29128263.0604581500000000,5.14168618,2.65307800,5.72433775,2.83925300
2026-05-27T16:00:00Z,144240.5400000000000000,29038802.4781085600000000,5.09639954,2.66798600,5.73662551,0.24846800
2026-05-28T00:00:00Z,144201.8200000000000000,29006720.4627301800000000,5.10232558,2.66776500,5.73333333,0.50450000
2026-05-28T00:00:00Z,145156.9000000000000000,28740274.4344311100000000,5.39356436,2.72516000,5.84588441,0.24022600
2026-05-28T08:00:00Z,141870.4800000000000000,28152232.3960533500000000,5.53051059,2.64205800,6.08953901,0.68407000
2026-05-28T16:00:00Z,140321.4600000000000000,27873263.4664442900000000,5.59277709,2.60708100,6.19254658,1.03864500
2026-05-29T00:00:00Z,140322.1400000000000000,27871521.9846743600000000,5.60099751,2.60543300,6.18705674,1.24229900
2026-05-29T00:00:00Z,154811.5200000000000000,30244184.9620439600000000,5.83107275,2.33263900,6.19139596,2.80595600
2026-05-29T08:00:00Z,165029.7900000000000000,31960345.1577814600000000,5.80122699,2.36494500,6.33928571,0.21655900
2026-05-29T16:00:00Z,166807.0700000000000000,32457796.2717519800000000,5.71515152,2.33996300,6.10766581,1.86925600
2026-05-30T00:00:00Z,166779.2300000000000000,32435481.2335741900000000,5.74786845,2.34097500,6.12607945,0.55471600
2026-05-30T00:00:00Z,168237.2900000000000000,33536084.9140200000000000,5.44124424,2.58772900,5.84184514,1.10564200
2026-05-30T08:00:00Z,170718.1300000000000000,34032537.2732469200000000,5.25398633,2.72118100,5.75327869,1.77148400
2026-05-30T16:00:00Z,174576.4400000000000000,35013632.7272847400000000,5.48038050,3.01066500,6.22543860,0.34377100
2026-05-31T00:00:00Z,174572.7400000000000000,35035788.7679300000000000,5.47149644,3.01022600,6.22192982,0.75442800
2026-05-31T00:00:00Z,177226.0000000000000000,36136578.3175808600000000,5.35005701,3.07531500,5.99577703,0.20517400
2026-05-31T08:00:00Z,178793.4900000000000000,36114171.9663523500000000,5.31042383,3.08206300,5.89500000,1.16024800
2026-05-31T16:00:00Z,179692.8300000000000000,36512436.0802599600000000,5.37850467,3.08130600,5.92845118,0.22575000
2026-06-01T00:00:00Z,179468.3800000000000000,36508619.1259049500000000,5.43647059,3.07900600,6.02214651,0.40798200
2026-06-01T00:00:00Z,184895.5800000000000000,37647821.6816163200000000,5.56094675,3.01599400,6.27208481,1.02717700
2026-06-01T08:00:00Z,225084.7000000000000000,44277396.0825625000000000,6.24869110,3.17801900,6.72897196,1.89056700
2026-06-01T16:00:00Z,230373.7500000000000000,45571438.2082398800000000,6.20801034,3.17932500,6.75785582,0.61405800
2026-06-02T00:00:00Z,230280.4000000000000000,45488704.5230395400000000,6.25357607,3.17587200,6.79925651,0.93693800
2026-06-02T00:00:00Z,242418.7900000000000000,48464364.4968000000000000,5.95325953,2.15338600,6.45575221,0.80137000
2026-06-02T08:00:00Z,256618.5900000000000000,50318872.9200573500000000,5.73155985,2.03018400,6.48663102,0.15257300
2026-06-02T16:00:00Z,267897.1000000000000000,52406345.8749012400000000,5.70708283,2.08252300,6.48141593,0.83260000
2026-06-03T00:00:00Z,267947.4200000000000000,52438622.4897452700000000,5.71068427,2.08239100,6.43799472,1.19980200
2026-06-03T00:00:00Z,286852.8900000000000000,54992806.5850188200000000,5.17647059,1.93230300,5.70500000,1.72178900
2026-06-03T08:00:00Z,298318.8200000000000000,56375793.4045722700000000,5.10589520,1.93282400,5.57479675,0.90786600
2026-06-03T16:00:00Z,297769.8500000000000000,56329916.5784259000000000,4.83333333,2.01820500,5.20868891,2.34987200
2026-06-04T00:00:00Z,295944.8900000000000000,55462074.3673568300000000,4.58720330,1.98284300,4.96958175,2.84863100
2026-06-04T00:00:00Z,297668.9400000000000000,56041902.3579212900000000,4.91585761,2.01651500,5.28672427,0.58479700
2026-06-04T08:00:00Z,311801.5400000000000000,56202063.4776134600000000,4.54740061,2.16897100,4.82111437,0.34659800
2026-06-04T16:00:00Z,312955.0900000000000000,55130777.1767952000000000,4.46612740,2.32414000,4.59899929,0.48617300
2026-06-05T00:00:00Z,312647.9100000000000000,54959125.5072600000000000,4.49491870,2.32226300,4.63191948,0.40641800
2026-06-05T00:00:00Z,332715.8700000000000000,57703356.9541509500000000,4.01739927,2.10601300,4.18754142,0.43300300
2026-06-05T08:00:00Z,384657.4300000000000000,63794707.0359547600000000,3.27580894,2.27239000,3.26154672,0.73104900
2026-06-05T16:00:00Z,394901.1600000000000000,65828138.6153866400000000,3.35117599,2.27715200,3.43268124,1.91361500
2026-06-06T00:00:00Z,394983.1500000000000000,65814965.0588045000000000,3.35036496,2.27715200,3.44034582,0.69938000
2026-06-06T00:00:00Z,396541.6800000000000000,65845332.8984281900000000,3.23660031,2.35403100,3.46817130,0.90355600
2026-06-06T08:00:00Z,408159.5500000000000000,66868668.7632184300000000,3.44382911,2.29534900,3.68669022,1.81671700
2026-06-06T16:00:00Z,417050.6500000000000000,69941909.5502581400000000,3.40307692,2.28507700,3.66380298,0.94887500
2026-06-07T00:00:00Z,417774.0500000000000000,69768646.1442111100000000,3.43798450,2.27147500,3.71180556,0.24576800
2026-06-07T00:00:00Z,424659.4300000000000000,72233772.8065687600000000,3.88230519,2.33648700,4.29291045,1.12573300
2026-06-07T08:00:00Z,439246.9200000000000000,76126249.7428358500000000,4.15410108,2.37640400,4.69017632,0.26526800
2026-06-07T16:00:00Z,451688.3300000000000000,77557467.3391072300000000,4.50568679,2.35360200,5.15719064,2.33710300
2026-06-08T00:00:00Z,451414.9100000000000000,77032148.7318600000000000,4.57358156,2.35491500,5.20026972,0.37764200
2026-06-08T00:00:00Z,470447.4400000000000000,78406652.1401600000000000,5.04003559,2.31899800,5.48243243,2.19970700
2026-06-08T08:00:00Z,547224.8900000000000000,93365048.2197950000000000,4.79518072,2.38849800,5.21935096,1.21320400
2026-06-08T16:00:00Z,655824.3500000000000000,112836597.3365590000000000,4.03703704,1.77698600,4.34605598,1.51453400
2026-06-09T00:00:00Z,656877.0600000000000000,113491681.3934451800000000,4.02299652,1.78052600,4.31344793,1.52218400
2026-06-09T00:00:00Z,703543.8900000000000000,118818400.7234935300000000,4.46361746,1.91625000,4.87176781,1.71188800
2026-06-09T08:00:00Z,744902.0200000000000000,126660242.6387834400000000,4.32681564,1.87813800,4.69659443,0.83777900
2026-06-09T16:00:00Z,781120.7000000000000000,132871034.5159042500000000,4.48948513,1.93351900,4.76735751,1.44429800
2026-06-10T00:00:00Z,781093.7300000000000000,132988729.1761152100000000,4.50436047,1.93274700,4.78805195,0.57520000
2026-06-10T00:00:00Z,791531.5100000000000000,137112781.9785517800000000,4.30058939,1.91142800,4.71477663,2.89598500
2026-06-10T08:00:00Z,961532.8100000000000000,158771662.9520350000000000,5.54939210,2.30151800,6.04639738,1.05683000
2026-06-10T16:00:00Z,999052.2600000000000000,162186857.5014388000000000,5.98385795,2.49374700,6.42051860,0.46389800
2026-06-11T00:00:00Z,1049146.0100000000000000,168998616.7618693700000000,5.70148248,2.74984200,5.85686747,0.47511900
2026-06-11T00:00:00Z,999173.5000000000000000,162265188.6461803600000000,5.98467742,2.49420800,6.38116592,0.82738400
2026-06-11T08:00:00Z,1187971.1200000000000000,197466256.6663029000000000,4.51935983,2.49034700,5.00369140,0.94417600
2026-06-11T16:00:00Z,1288309.4700000000000000,218985125.9689343600000000,4.46992665,2.35446800,5.07678944,0.83425500
2026-06-12T00:00:00Z,1288583.9500000000000000,220099633.4877488600000000,4.45202143,2.35600800,5.07558946,2.84864100
2026-06-12T00:00:00Z,1478988.5800000000000000,258687282.5418630000000000,4.18291815,2.86300100,4.58690176,1.05892000
2026-06-12T08:00:00Z,1955795.0500000000000000,325857946.9730750000000000,4.07135222,2.86786800,4.51253133,1.03346100
2026-06-12T16:00:00Z,1075047.7200000000000000,179414713.9908000000000000,3.00073837,1.96594900,3.43536546,0.59324700
2026-06-13T00:00:00Z,1016719.3600000000000000,167657022.4640000000000000,3.38160753,1.96215800,3.69136230,0.49675800
2026-06-13T00:00:00Z,1074522.4400000000000000,179220355.1554870600000000,2.99238703,1.96468400,3.43324294,1.03753500
2026-06-13T08:00:00Z,1030631.0400000000000000,170878626.4320000000000000,3.33751846,1.86636500,3.59629694,1.97365500
2026-06-13T16:00:00Z,1020738.2600000000000000,168544301.4912000000000000,3.44361675,1.88229500,3.74031148,1.79804900
2026-06-14T00:00:00Z,1020455.2800000000000000,168415939.4112000000000000,3.43982551,1.88229100,3.74542158,0.85004200
2026-06-14T00:00:00Z,1026184.7900000000000000,171499021.2738562000000000,3.18760550,1.85845300,3.53530950,1.42731600
2026-06-14T08:00:00Z,1022569.9900000000000000,170319257.5344000000000000,3.21819545,1.86408700,3.55764748,0.59177400
2026-06-14T16:00:00Z,1011798.9100000000000000,169789975.0871000000000000,3.25449336,1.81399900,3.64034593,1.28089400
2026-06-15T00:00:00Z,1012458.8000000000000000,169971333.7931549800000000,3.25671798,1.81551500,3.64595104,1.30767500
2026-06-15T00:00:00Z,1075047.0400000000000000,184284563.5968000000000000,3.22512563,1.76397600,3.53031121,0.91198900
2026-06-15T08:00:00Z,1056990.8300000000000000,187975249.2072000000000000,2.61678668,1.51971100,2.91218894,1.23127700
2026-06-15T16:00:00Z,1136258.0700000000000000,229069626.9120000000000000,1.52886872,1.10994200,1.85773870,0.51520100
2026-06-16T00:00:00Z,1132453.3500000000000000,225497428.8911757800000000,1.50394188,1.11587600,1.81888889,0.61550700
2026-06-16T00:00:00Z,1281567.0100000000000000,272781538.0785000000000000,1.41898466,1.21874500,1.62794476,0.48561800
2026-06-16T08:00:00Z,1253264.6700000000000000,264793333.7884388300000000,1.52015934,1.08798000,1.73262853,1.07473600
2026-06-16T16:00:00Z,1111894.4500000000000000,228758247.5549061000000000,1.72972973,1.03373700,1.95191532,0.51645500
2026-06-17T00:00:00Z,1111727.2900000000000000,228897343.1394719500000000,1.73154942,1.03630100,1.94656873,0.94560000
2026-06-17T00:00:00Z,1141152.1100000000000000,237234112.1479000000000000,1.84138699,1.05214000,2.08059516,0.92105300
2026-06-17T08:00:00Z,1430071.0800000000000000,278220328.6140000000000000,2.65749029,1.07431400,2.79895375,1.02515800
2026-06-17T16:00:00Z,1182086.4300000000000000,230707808.5431000000000000,2.46782988,1.18007200,2.67093520,0.58840700
2026-06-18T00:00:00Z,1180743.7500000000000000,230516899.0334043800000000,2.47423056,1.17938100,2.68032681,2.63536800
2026-06-18T00:00:00Z,1282196.9100000000000000,247317948.0799251200000000,2.87372401,1.21311300,3.03308824,0.67344900
2026-06-18T08:00:00Z,1677423.1100000000000000,297910344.3360000000000000,3.45079223,1.30323400,3.42930591,1.46250000
2026-06-18T16:00:00Z,1354077.9100000000000000,246157823.2589000000000000,3.25719679,1.43200800,3.32139964,0.46480100
2026-06-19T00:00:00Z,1351349.1800000000000000,241691116.3392794400000000,3.46811666,1.37417200,3.56675891,1.13307000
2026-06-19T00:00:00Z,1355008.7300000000000000,246313486.9394000000000000,3.24511880,1.42940500,3.31683649,1.27233600
2026-06-19T08:00:00Z,1328098.3500000000000000,238965085.6045808000000000,3.64154839,1.39655800,3.75661187,1.09780100
2026-06-19T16:00:00Z,1313395.1300000000000000,236467764.9309122000000000,3.69521808,1.41550300,3.72336283,1.10771700
2026-06-20T00:00:00Z,1301887.1600000000000000,234068776.3148370700000000,3.86018319,1.47228900,3.99099944,0.91110200
2026-06-20T00:00:00Z,1312914.2800000000000000,236442732.6852000000000000,3.69689800,1.41540800,3.71491693,0.88140700
2026-06-20T08:00:00Z,1315096.0700000000000000,237434224.3109283100000000,3.94206128,1.45037000,4.00760312,0.93663100
2026-06-20T16:00:00Z,1315722.9600000000000000,238836709.7563413000000000,3.93484340,1.45344100,3.97161779,2.05743800
2026-06-21T00:00:00Z,1315804.6800000000000000,238897497.7008000000000000,3.93515931,1.45363800,3.97012103,0.93146600
2026-06-21T00:00:00Z,1326102.0600000000000000,240573894.5806154000000000,3.95415631,1.43599700,3.95594050,0.31707500
2026-06-21T08:00:00Z,1327340.9300000000000000,240588099.7825792400000000,4.07453770,1.43527200,4.06502501,0.79124900
2026-06-21T16:00:00Z,1310859.0400000000000000,232316647.3496478000000000,4.26985075,1.44623800,4.49353677,0.50712700
2026-06-22T00:00:00Z,1329110.7300000000000000,233955480.9328642200000000,4.32657385,1.42002500,4.53776824,0.63473100
2026-06-22T00:00:00Z,1338954.6100000000000000,240435545.7308983800000000,4.17115272,1.37445900,4.30547143,1.89872300
2026-06-22T08:00:00Z,1801725.6100000000000000,302816023.2727000000000000,5.09658537,1.46771300,4.96259843,1.28031100
2026-06-22T16:00:00Z,1870496.1300000000000000,293582008.6737158300000000,6.16981832,1.51449600,5.71105225,1.89429800
2026-06-23T00:00:00Z,1826721.9400000000000000,274190963.1940000000000000,5.63581081,1.58218100,5.23479025,0.70008200
2026-06-23T00:00:00Z,1869278.9900000000000000,293334362.0157990000000000,6.18286350,1.51317300,5.73378346,0.87596900
2026-06-23T08:00:00Z,1730310.7000000000000000,276740277.5827138400000000,4.68970545,1.53930100,4.45948987,1.42261500
2026-06-23T16:00:00Z,1465738.7800000000000000,229915785.0308000000000000,4.62065637,1.56828500,4.63447829,0.78931000
2026-06-24T00:00:00Z,1465277.3800000000000000,230092506.9814000000000000,4.58957134,1.56719700,4.60928433,1.25213400
2026-06-24T00:00:00Z,1522650.3400000000000000,238795043.8524457500000000,4.80502949,1.55367000,4.71286078,0.94793500
2026-06-24T08:00:00Z,1435802.3500000000000000,228525240.7688178700000000,4.31048744,1.69195100,4.18418972,1.03244500
2026-06-24T16:00:00Z,1310368.6300000000000000,201802479.6458006000000000,4.89820359,1.76649000,4.78683460,0.65362100
2026-06-25T00:00:00Z,1309463.6800000000000000,201775494.7962996000000000,4.89197748,1.76208700,4.75768322,2.61156500
2026-06-25T00:00:00Z,1343939.4300000000000000,209094205.5604496600000000,4.95829024,1.79695700,4.96489541,1.18424100
2026-06-25T08:00:00Z,1640545.5100000000000000,250445085.5165363600000000,5.43687835,1.88820200,5.47907225,1.57398900
2026-06-25T16:00:00Z,1620869.9400000000000000,247490631.1386000000000000,5.84823958,1.89000300,5.85200669,1.12927800
2026-06-26T00:00:00Z,1620693.2800000000000000,247702558.2306279000000000,5.80458384,1.89112800,5.81185924,1.86885300
2026-06-26T00:00:00Z,1634750.7100000000000000,247746470.1005000000000000,5.82280493,1.90025700,5.79002770,1.13778900
2026-06-26T08:00:00Z,1689187.3000000000000000,263375989.4095586000000000,4.68715847,1.87259900,4.72104637,0.87164300
2026-06-26T16:00:00Z,1379202.0400000000000000,210990328.0792000000000000,5.23828125,1.96427700,5.19263837,0.21507300
2026-06-27T00:00:00Z,1373019.7200000000000000,211490013.7382402700000000,5.21765835,1.94570500,5.24217063,0.85933800
2026-06-27T00:00:00Z,1378310.0400000000000000,210670937.4130119000000000,5.27072692,1.96562500,5.21311033,0.26816900
2026-06-27T08:00:00Z,1379541.7400000000000000,213359925.5084000000000000,5.12670713,1.93215700,5.16631243,0.89927600
2026-06-27T16:00:00Z,1370782.7000000000000000,210763575.1234133000000000,5.32722930,1.94271600,5.35775982,0.72035000
2026-06-28T00:00:00Z,1370691.6000000000000000,210716419.6680000000000000,5.33878691,1.94376900,5.35181058,0.40432100
2026-06-28T00:00:00Z,1373234.9400000000000000,211601771.9046000000000000,5.31572724,1.94554900,5.29737931,0.50933100
2026-06-28T08:00:00Z,1369685.5600000000000000,211656810.3897153400000000,5.15662188,1.94859000,5.13179748,0.67967300
2026-06-28T16:00:00Z,1394531.5600000000000000,217920807.2979179000000000,4.87268003,1.94270300,4.89934980,0.51454300
2026-06-29T00:00:00Z,1394289.1400000000000000,218317793.5412000000000000,4.89779933,1.94455000,4.91649269,2.53506500
2026-06-29T00:00:00Z,1423548.2800000000000000,221645307.9721646300000000,5.30429641,1.90652000,5.23699422,0.44171000
2026-06-29T08:00:00Z,1472140.2300000000000000,231220564.3015503600000000,5.28514377,2.08769000,5.16392544,1.90532700
2026-06-29T16:00:00Z,1619141.4700000000000000,264648673.2715000000000000,3.82734046,2.09515500,3.88395904,3.51809200
2026-06-30T00:00:00Z,1565673.1000000000000000,255167315.8161526000000000,3.95374016,2.18559800,3.82181572,0.46435900
2026-06-30T00:00:00Z,1621479.9800000000000000,264836325.1334000000000000,3.83549643,2.08592400,3.89621350,1.51130900
2026-06-30T08:00:00Z,1295710.5200000000000000,219920946.5596000000000000,3.30184978,1.61630500,3.29803536,1.07256300
2026-06-30T16:00:00Z,1320331.7000000000000000,226965019.2300000000000000,3.13755459,1.56111500,3.15274600,0.51616800
2026-07-01T00:00:00Z,1319717.9000000000000000,227176239.3060000000000000,3.12537395,1.56240700,3.13550958,1.42153400
2026-07-01T00:00:00Z,1324063.5200000000000000,226798606.2066477500000000,3.23561644,1.68391800,3.14405328,1.72563600
2026-07-01T08:00:00Z,1388390.6000000000000000,220358808.1042522800000000,4.80805777,2.02377400,4.58086501,0.82197400
2026-07-01T16:00:00Z,1317424.9400000000000000,208076682.4593564000000000,5.46140797,1.93921900,5.23407364,0.46404200
2026-07-02T00:00:00Z,1317720.3700000000000000,208116801.6286650600000000,5.45027507,1.93712600,5.22643712,2.25091200
2026-07-02T00:00:00Z,1336849.7100000000000000,209447328.8865113300000000,5.37104825,1.80642200,5.34542264,0.72940700
2026-07-02T08:00:00Z,1312953.7400000000000000,208654608.3608000000000000,5.28892660,1.68030500,5.29387636,1.60267100
2026-07-02T16:00:00Z,1271353.2500000000000000,204637019.1200000000000000,5.07049388,1.73263600,5.06606781,1.39528400
2026-07-03T00:00:00Z,1262616.7000000000000000,202822141.7986334300000000,5.14724443,1.75189700,5.04829793,2.58597100
2026-07-03T00:00:00Z,1271125.8600000000000000,204623099.5565027600000000,5.04492024,1.73275800,5.04646465,1.51939700
2026-07-03T08:00:00Z,1259412.1900000000000000,200926620.7926000000000000,5.15053305,1.76672700,4.92867332,1.23216100
2026-07-03T16:00:00Z,1258703.8100000000000000,199948193.4327649200000000,5.32465814,1.78592500,5.06696035,0.28295900
2026-07-04T00:00:00Z,1254013.1000000000000000,200679716.3930000000000000,5.22303082,1.77217300,5.03786775,0.80426900
2026-07-04T00:00:00Z,1258911.5300000000000000,200032793.5272296000000000,5.32612533,1.78549000,5.07649309,0.46187000
2026-07-04T08:00:00Z,1246629.3700000000000000,199597828.4307000000000000,5.33023873,1.78834600,5.09931405,0.60711500
2026-07-04T16:00:00Z,1250721.4400000000000000,200190473.6864000000000000,5.41989199,1.79450600,5.16198247,0.90735800
2026-07-05T00:00:00Z,1250486.9400000000000000,201065795.0826000000000000,5.33931699,1.78785000,5.01700381,6.90709000
2026-07-05T00:00:00Z,1250769.5400000000000000,200185664.8770000000000000,5.42657658,1.79418000,5.16878403,1.82810400
2026-07-05T08:00:00Z,1254278.6200000000000000,202365312.5508000000000000,5.34814815,1.78455200,4.99337558,1.10985100
2026-07-05T16:00:00Z,1264208.7900000000000000,203972733.0491914200000000,5.42844562,1.78269200,5.09801634,0.20237700
2026-07-06T00:00:00Z,1264195.1700000000000000,204104349.2980566000000000,5.39334209,1.78349600,5.07410636,4.73751400
2026-07-06T00:00:00Z,1269028.1200000000000000,207135823.7143393200000000,5.33832976,1.78172400,5.01055334,1.44566500
2026-07-06T08:00:00Z,1302872.5900000000000000,209136747.8373852400000000,5.36604096,1.61134700,5.01972943,1.15846600
2026-07-06T16:00:00Z,1376696.8700000000000000,217256533.0547000000000000,5.51970228,1.46467800,5.11670020,0.68228200
2026-07-07T00:00:00Z,1341679.5300000000000000,212522037.5520000000000000,5.15664110,1.51257600,5.15133447,1.35553700
2026-07-07T00:00:00Z,1376946.8500000000000000,217213365.5875000000000000,5.52476984,1.46421800,5.12115108,0.43486600
2026-07-07T08:00:00Z,1374164.4400000000000000,208729162.2835882600000000,6.19168490,1.81483700,5.89484597,1.38635700
2026-07-07T16:00:00Z,1361229.6700000000000000,205464006.3898000000000000,6.44909910,1.87319400,6.09289617,0.33148500
2026-07-08T00:00:00Z,1360203.5700000000000000,205581167.5698000000000000,6.43924392,1.87261300,6.07512875,0.77585500
2026-07-08T00:00:00Z,1379724.2600000000000000,208600510.8694000000000000,6.40818141,1.86714200,6.18831761,0.71980500
2026-07-08T08:00:00Z,1387459.0800000000000000,205254226.4625132400000000,6.19912854,1.79909400,5.83119534,1.11046200
2026-07-08T16:00:00Z,1389677.6800000000000000,207125634.0648431200000000,6.25465839,1.89517900,5.79847686,0.73071800
2026-07-09T00:00:00Z,1390015.3400000000000000,207083670.3316055500000000,6.26254998,1.89303500,5.81727380,0.11198600
2026-07-09T00:00:00Z,1393138.9300000000000000,209681340.3543000000000000,6.09858551,1.83792900,5.80169393,0.31369100
2026-07-09T08:00:00Z,1438862.8600000000000000,216376311.5785585600000000,3.81837607,1.66213700,3.88173913,0.98726700
2026-07-09T16:00:00Z,1432019.9200000000000000,217995195.0238236800000000,3.51499348,1.59265800,3.54474564,4.23569100
2026-07-10T00:00:00Z,1432103.7700000000000000,217886502.4320572300000000,3.51538863,1.59239800,3.54221562,0.83445800
2026-07-10T00:00:00Z,1440132.4300000000000000,215795834.9933587600000000,3.70637409,1.59109000,3.71298578,0.82385800
2026-07-10T08:00:00Z,1459213.0400000000000000,216865568.7848792400000000,4.13457841,1.74055200,4.11945594,0.74564000
2026-07-10T16:00:00Z,1607311.6200000000000000,234870243.8042800000000000,4.69246800,1.77953000,4.64187619,2.94542300
2026-07-11T00:00:00Z,1607312.2800000000000000,234828324.1080000000000000,4.69565217,1.77928100,4.64483414,1.47205800
2026-07-12T00:00:00Z,1618538.1700000000000000,235998464.5921409400000000,4.69180907,1.75181400,4.77905737,1.54769500
2026-07-12T08:00:00Z,1617476.8800000000000000,235941352.4856000000000000,4.74598453,1.75046400,4.81800684,1.88891700
2026-07-12T16:00:00Z,1620160.7600000000000000,236057422.7320000000000000,4.74769414,1.75470300,4.83109118,4.85681400
2026-07-13T00:00:00Z,1568303.5300000000000000,224502650.3195000000000000,4.48977751,1.82499100,4.48010381,1.55486300
2026-07-13T08:00:00Z,1591046.1400000000000000,222392409.0665297500000000,6.76307054,1.98292700,6.17445743,1.24501700
2026-07-13T16:00:00Z,1554499.0000000000000000,214520862.0000000000000000,6.39152982,2.10199600,5.79948291,1.84790500
2026-07-14T00:00:00Z,1543481.9800000000000000,213710514.9508000000000000,6.30720339,2.00306300,6.05408516,0.42924600
2026-07-14T08:00:00Z,1433611.8200000000000000,204273154.3899679800000000,5.41925466,1.89909800,5.25079197,0.49440500
2026-07-14T16:00:00Z,1524753.2400000000000000,209213356.3542564800000000,6.08105838,2.00395900,5.78120617,1.59522400
2026-07-15T00:00:00Z,1537539.7900000000000000,211956419.4422505200000000,5.96842936,2.04126200,5.83634343,1.18439800
2026-07-15T08:00:00Z,1612142.9000000000000000,219009612.9650000000000000,5.96947791,2.18602300,5.75760112,0.97294600
2026-07-15T16:00:00Z,1504086.3600000000000000,204405005.2896330400000000,5.88220859,2.15855200,5.58422838,0.48735500
2026-07-16T00:00:00Z,1522499.6700000000000000,206755455.1860000000000000,5.86677368,2.12068300,5.51254480,1.70155400
2026-07-16T08:00:00Z,1599257.6200000000000000,215004194.4328000000000000,5.65916149,2.16620100,5.28351881,1.64852000
2026-07-16T16:00:00Z,1532273.1300000000000000,194384169.2718000000000000,6.69573643,2.12339900,5.73726960,0.44454200
2026-07-17T00:00:00Z,1409004.8700000000000000,176389483.0254892400000000,5.82430647,2.18985200,5.04863052,2.08246600
2026-07-17T08:00:00Z,1325836.9700000000000000,165186028.0923000000000000,6.13975012,2.16599600,5.34373178,1.74702200
2026-07-17T16:00:00Z,1298128.8200000000000000,161019044.5212422600000000,6.44542340,2.33567100,5.68087092,0.17495700
2026-07-18T00:00:00Z,1297899.9600000000000000,162633286.9450861000000000,6.47166186,2.37944900,5.66646135,1.40243300
2026-07-18T08:00:00Z,1309720.0900000000000000,165286675.3580000000000000,6.28424977,2.32384600,5.58614458,0.41760000
2026-07-18T16:00:00Z,1323973.4400000000000000,169450076.3825254700000000,6.28188235,2.30977700,5.49299135,0.43012200
2026-07-19T00:00:00Z,1329813.4600000000000000,171671889.4622863000000000,6.47505828,2.28799800,5.59252669,0.55556000
2026-07-19T08:00:00Z,1324721.2900000000000000,168968200.5395000000000000,6.46161093,2.27707700,5.49851983,1.26225300
2026-07-19T16:00:00Z,1311452.0100000000000000,167348987.9711930500000000,6.46328754,2.28144500,5.55342712,0.74544500
2026-07-20T00:00:00Z,1353335.7100000000000000,170515826.8478787200000000,6.69895038,2.22011200,5.79629630,1.35052900
2026-07-20T08:00:00Z,1526004.6800000000000000,188456770.4090759800000000,7.38221999,2.43930300,6.27706307,0.70414400
2026-07-20T16:00:00Z,1546988.9000000000000000,186318066.9739166200000000,7.62627291,2.46797300,6.34474097,1.64429600
2026-07-21T00:00:00Z,1578987.8100000000000000,192091016.5222453800000000,7.91097308,2.52218800,6.71181001,0.48903900
2026-07-21T08:00:00Z,1483093.8400000000000000,190226700.0827310400000000,6.03970332,2.24939500,5.17982099,0.65594600
2026-07-21T16:00:00Z,1424817.2800000000000000,178339421.2716260600000000,7.16683884,2.45130800,5.94713930,0.25038300
2026-07-22T00:00:00Z,1418545.9200000000000000,175672726.7328000000000000,6.97010608,2.56543000,5.77751196,2.21914000
2026-07-22T08:00:00Z,1491496.2700000000000000,185829085.5221538800000000,7.31406173,2.64455900,5.99939958,0.72331400
2026-07-22T16:00:00Z,1871160.5300000000000000,217400907.6725032000000000,8.68286311,2.53050200,7.10538117,0.29188800
2026-07-23T00:00:00Z,1916739.2600000000000000,223242621.6122000000000000,8.64637827,2.51667700,7.32810047,1.07181200
2026-07-23T08:00:00Z,2153413.6500000000000000,247082682.2010000000000000,7.73703367,2.55868100,6.35627081,1.21092500
2026-07-23T16:00:00Z,1991256.0100000000000000,231466006.8672436200000000,7.20716228,2.64201300,6.02267003,1.18644100
2026-07-24T00:00:00Z,2006147.9700000000000000,233635992.5862000000000000,6.97837370,2.62885100,5.92012078,0.50605800
2026-07-24T08:00:00Z,2188403.7600000000000000,248296290.6096000000000000,7.82645403,2.68907300,6.54428904,1.78637800
2026-07-24T16:00:00Z,2264826.1400000000000000,257306897.7654000000000000,7.77408944,2.66015600,6.49985653,0.61703900
2026-07-25T00:00:00Z,2259433.1500000000000000,257055709.4755000000000000,7.74046853,2.66918300,6.72399404,0.44337100
2026-07-25T08:00:00Z,2254214.9500000000000000,251140394.4161089000000000,7.90891930,2.58616200,6.71569212,1.02504300
2026-07-25T16:00:00Z,2242971.4200000000000000,250607196.7566000000000000,7.72496539,2.58925100,6.61488863,1.19775500
2026-07-26T00:00:00Z,2236056.9500000000000000,250838182.8335550700000000,7.61383026,2.58829600,6.56539352,4.38490600
2026-07-26T08:00:00Z,2242662.0000000000000000,250110606.0289708700000000,7.85236130,2.52652700,6.77435446,0.21150900
2026-07-26T16:00:00Z,2221494.0700000000000000,250051372.5192000000000000,7.79403670,2.56937500,6.46693047,0.96194700
2026-07-27T00:00:00Z,2082549.5400000000000000,238419187.9208339800000000,7.71540590,2.60117700,6.45349509,1.00427500
2026-07-27T08:00:00Z,2065354.7200000000000000,230700122.2240000000000000,7.72653645,2.67832100,6.30265849,1.10583900
2026-07-27T16:00:00Z,2016624.7200000000000000,226587953.5392000000000000,7.46080760,2.85981100,6.04746744,0.96672700
2026-07-28T00:00:00Z,1977696.5600000000000000,219504541.1944000000000000,7.85414585,2.87492700,6.70222930,1.38630300
2026-07-28T08:00:00Z,1898699.9200000000000000,220963804.6936954000000000,6.47207679,3.33984600,5.36790924,1.01125900
2026-07-28T16:00:00Z,1793534.4800000000000000,209305173.6859401200000000,5.51549187,3.01605000,4.64381230,0.66594500
2026-07-29T00:00:00Z,1747073.2700000000000000,201787911.3981978000000000,5.89302131,2.67038500,4.80870472,0.96313200
2026-07-29T08:00:00Z,1706260.6000000000000000,191254750.6540000000000000,6.84268629,2.85345800,5.39596015,0.65032000
2026-07-29T16:00:00Z,1625716.6500000000000000,184274982.2775000000000000,6.04824561,2.51239400,4.94430861,0.63149400
2026-07-30T00:00:00Z,1633953.3900000000000000,184407979.5954000000000000,5.73402923,2.54937100,4.90315677,1.79915200
2026-07-30T08:00:00Z,1577516.1000000000000000,180929784.5859998000000000,5.05464896,2.45272500,4.35086873,0.83589000
2026-07-30T16:00:00Z,1604993.1300000000000000,181203724.3770000000000000,6.23858093,2.49346200,5.33965950,0.33549400
2026-07-31T00:00:00Z,1601850.7400000000000000,182610984.3600000000000000,6.35117773,2.49504000,5.46822742,0.40660400
2026-07-31T08:00:00Z,1853296.3200000000000000,202042285.8494633700000000,7.71879553,2.88846800,6.68321810,1.22819500
2026-07-31T16:00:00Z,1887495.1600000000000000,203777931.9647097300000000,8.84991931,2.83739200,7.48982361,0.37226900
2026-08-01T00:00:00Z,1884403.2700000000000000,205190199.5259254000000000,8.36605317,2.81639200,7.31675567,0.22667200
2026-08-01T08:00:00Z,1876230.2700000000000000,204434050.2192000000000000,8.35475578,2.77954600,7.24759376,0.57443400
2026-08-01T16:00:00Z,1866481.4700000000000000,202737217.2714000000000000,7.83729966,2.74543900,6.63357843,5.07670500
2026-08-02T00:00:00Z,1872304.5900000000000000,203847311.0844649000000000,7.91329480,2.74009500,6.70227133,1.17463600
2026-08-02T08:00:00Z,1873168.7800000000000000,203875690.0152000000000000,7.72345446,2.73752400,6.57882070,0.37188800
2026-08-02T16:00:00Z,1876520.3300000000000000,204413977.5508409000000000,7.83923445,2.73018900,6.79184682,3.04354500
2026-08-03T00:00:00Z,1871272.3600000000000000,203351167.3612000000000000,7.72710280,2.79415900,6.64132081,0.61512300
2026-08-03T08:00:00Z,1888861.8000000000000000,210947468.8461816600000000,6.16795445,2.50109200,5.19391439,0.66148800
2026-08-03T16:00:00Z,1809717.5900000000000000,208474587.4960576000000000,5.48787879,2.48726900,4.73408700,0.85712600
2026-08-04T00:00:00Z,1809024.8800000000000000,209503171.3528000000000000,4.41919806,2.37414800,3.83833671,0.50403800
2026-08-04T08:00:00Z,1745101.1200000000000000,208879150.8512329500000000,2.94219172,2.13022700,2.83818623,0.94986400
2026-08-04T16:00:00Z,1705830.8900000000000000,198029908.0201000000000000,2.94851936,1.63935100,2.82306425,1.11616300
2026-08-05T00:00:00Z,1714281.3200000000000000,198549897.2434111800000000,4.01415367,1.60172500,3.67494448,0.31032100
2026-08-05T08:00:00Z,1793807.6700000000000000,205337981.9970736800000000,4.04683038,1.45376500,3.62679891,0.60539500
2026-08-05T16:00:00Z,1862801.9400000000000000,205105596.1729827000000000,5.06160506,1.89260000,4.40066372,1.00281700
2026-08-06T00:00:00Z,1834000.5700000000000000,201785075.8414499200000000,4.85135135,1.90100900,4.36719257,0.83809300
2026-08-06T08:00:00Z,2109401.5000000000000000,234519464.8215561200000000,4.85983397,2.44821500,4.33196544,1.32892800
2026-08-06T16:00:00Z,2017265.2200000000000000,230929056.1844310000000000,4.03246014,2.23282100,3.64385421,2.74297500
2026-08-07T00:00:00Z,1998372.1400000000000000,229583563.7111043300000000,3.99152079,2.14220600,3.57658685,2.07179000
2026-08-07T08:00:00Z,2045880.1000000000000000,265105143.3580000000000000,1.63255689,1.30733500,1.58812580,1.14967400
2026-08-07T16:00:00Z,2382960.3800000000000000,319459668.5428000000000000,1.18553903,0.98422700,1.18631209,1.22332400
2026-08-08T00:00:00Z,2375236.6800000000000000,315258243.9755520000000000,1.15426969,0.99374700,1.10057405,0.77009800
2026-08-08T08:00:00Z,2356930.4400000000000000,315121599.8280000000000000,1.15916955,0.99483300,1.10192690,1.73181100
2026-08-08T16:00:00Z,2278532.8400000000000000,309706286.0072230700000000,1.24582998,0.99187400,1.22789204,1.34343800
2026-08-09T00:00:00Z,2266582.4400000000000000,310204285.3826955000000000,1.10680203,1.01694800,1.12661745,0.44461100
2026-08-09T08:00:00Z,2281973.5600000000000000,311137255.5836829500000000,1.13154892,1.00976300,1.15081598,0.52382200
2026-08-09T16:00:00Z,2286988.9600000000000000,310105487.9797209500000000,1.13638267,1.01045400,1.15020975,0.64650900
2026-08-10T00:00:00Z,2228242.1100000000000000,302717038.2656225000000000,1.15022778,1.02715100,1.15408599,1.47136400
2026-08-10T08:00:00Z,2165687.6700000000000000,288290750.5649535700000000,1.28492584,1.06302800,1.27855080,0.87522600
2026-08-10T16:00:00Z,2154128.5400000000000000,294533785.2251261000000000,1.12827481,1.03757700,1.12013201,0.80420800
2026-08-11T00:00:00Z,2175850.8400000000000000,298504976.7396000000000000,1.07495392,1.02533100,1.09905926,1.50424400
2026-08-11T08:00:00Z,2123489.6200000000000000,286434541.8713924000000000,1.20102980,1.06438100,1.21602229,0.74971900
2026-08-11T16:00:00Z,2055002.8100000000000000,273394422.3722907000000000,1.35438426,1.16185100,1.37523452,2.33817800
2026-08-12T00:00:00Z,2049813.6800000000000000,274962007.0352000000000000,1.36368068,1.22621700,1.42328967,1.33605100
2026-08-12T08:00:00Z,2213978.8100000000000000,315292722.3321000000000000,0.81970958,0.94351600,0.88681872,1.04255800
2026-08-12T16:00:00Z,2751217.6700000000000000,401897877.2336000000000000,0.56514074,0.69719000,0.61635065,0.43142400
2026-08-13T00:00:00Z,2808620.2900000000000000,412445889.5865000000000000,0.53016017,0.67432600,0.56291117,1.17713900
2026-08-13T08:00:00Z,2447019.9900000000000000,345861805.3866000000000000,0.72721234,0.78177300,0.75993455,0.90910300
2026-08-13T16:00:00Z,2297871.8600000000000000,326563431.0985068000000000,0.80510479,0.83691400,0.86070985,0.56789300
2026-08-14T00:00:00Z,2303218.6100000000000000,327863169.1335000000000000,0.80095400,0.83698400,0.86239198,1.16298500
2026-08-14T08:00:00Z,2140796.1200000000000000,292220031.5623970000000000,1.27082048,1.05143900,1.26194290,0.97040100
2026-08-14T16:00:00Z,2104776.2800000000000000,296099927.0704000000000000,1.25674121,0.97824100,1.26272932,3.77193000
2026-08-15T00:00:00Z,2060115.8400000000000000,286726922.6112000000000000,1.23750951,0.93432900,1.23680861,1.12178600
2026-08-15T08:00:00Z,2057851.7700000000000000,287255528.5743000000000000,1.22376213,0.95012300,1.22828302,0.22474600
2026-08-15T16:00:00Z,2058568.7000000000000000,287252676.3980000000000000,1.23515953,0.95151600,1.23343080,4.79252800
2026-08-16T00:00:00Z,2048964.5800000000000000,287383452.3431828000000000,1.18890373,0.94919800,1.21338396,3.12224300
2026-08-16T08:00:00Z,2052319.0900000000000000,287406765.3636000000000000,1.21226647,0.94975900,1.23082061,5.15654800
2026-08-16T16:00:00Z,2059026.8200000000000000,286783701.0369347000000000,1.28338087,0.93685700,1.29587041,0.40025500
2026-08-17T00:00:00Z,2060829.8000000000000000,294616228.2080000000000000,1.21362077,0.91072900,1.26456358,1.04917500
2026-08-17T08:00:00Z,2048258.6000000000000000,286978004.6597694000000000,1.24127221,0.93475700,1.28891279,1.80622400
2026-08-17T16:00:00Z,2402513.2900000000000000,349301407.2331000000000000,0.73788913,0.82894100,0.76703183,1.00097700
2026-08-18T00:00:00Z,2324611.2400000000000000,335371541.8316632500000000,0.83975926,0.76861900,0.88229080,0.44735200
2026-08-18T08:00:00Z,2227046.7400000000000000,321728441.7415868600000000,0.97679814,0.76272500,1.01329456,1.38734500
2026-08-18T16:00:00Z,2260957.2000000000000000,323539679.2739842500000000,0.93889935,0.73568500,0.96134949,0.55080300
2026-08-19T00:00:00Z,2239419.5300000000000000,316116460.8548000000000000,0.92321373,0.70182100,0.98651628,0.45818200
2026-08-19T08:00:00Z,2156938.4800000000000000,300590946.5728000000000000,1.10711701,0.71605700,1.15810051,0.93794400
2026-08-19T16:00:00Z,2118090.5600000000000000,295605494.4030137700000000,1.14959517,0.71423900,1.19305136,1.07297900
2026-08-20T00:00:00Z,2122977.4300000000000000,296919623.3598000000000000,1.21857708,0.71717700,1.27946627,1.48658900
2026-08-20T08:00:00Z,1927593.3400000000000000,255868739.9516000000000000,1.48367823,1.01561700,1.50301171,0.41907700
2026-08-20T16:00:00Z,1787663.9500000000000000,238648647.6784961200000000,1.74823799,1.20668600,1.77748261,0.36388700
2026-08-21T00:00:00Z,1777020.4600000000000000,239826681.2816000000000000,1.76231123,1.23429000,1.82925232,0.21270800
2026-08-21T08:00:00Z,1746408.5200000000000000,237899381.8961638000000000,1.80911288,1.29159000,1.86641428,1.72676900
2026-08-21T16:00:00Z,1651883.7000000000000000,225326987.7150421700000000,1.76767318,1.39806500,1.80692796,0.96846900
2026-08-22T00:00:00Z,1599930.4600000000000000,216689460.1729954500000000,1.85998090,1.44703100,1.84006462,0.54985500
2026-08-22T08:00:00Z,1583457.4200000000000000,214099277.7582000000000000,1.85489745,1.48771200,1.84034726,0.51190600
2026-08-22T16:00:00Z,1583544.0100000000000000,213866090.3684345500000000,1.85973025,1.48614000,1.84389307,0.30164200
2026-08-23T00:00:00Z,1583119.7700000000000000,213429821.2445598000000000,1.86544046,1.51209800,1.85537498,1.04279500
2026-08-23T08:00:00Z,1572288.5700000000000000,213076547.0064000000000000,1.92160348,1.48930100,1.91933769,0.23182400
2026-08-23T16:00:00Z,1564124.2400000000000000,211967775.8705613000000000,1.96951464,1.50092000,1.95926837,1.66065300
2026-08-24T00:00:00Z,1641418.5600000000000000,219312010.4751195600000000,1.87608570,1.40917800,1.88598075,0.74201900
2026-08-24T08:00:00Z,1714143.1000000000000000,235437554.7850000000000000,1.81969697,1.27026500,1.85148661,1.37020100
2026-08-24T16:00:00Z,1689414.8900000000000000,228129090.6965506400000000,1.69361171,1.39053400,1.71339779,0.39125200
2026-08-25T00:00:00Z,1644745.3000000000000000,223989336.8697374500000000,1.87009472,1.37087400,1.91914442,2.09025900
2026-08-25T08:00:00Z,1660346.6600000000000000,226361832.8778608000000000,1.89597701,1.45751800,1.92670312,0.91613400
2026-08-25T16:00:00Z,1608217.6900000000000000,221861066.4767837200000000,1.90188305,1.43976200,1.94497644,1.75296600
2026-08-26T00:00:00Z,1585270.4900000000000000,218878296.5543000000000000,1.97631949,1.44938900,1.99551292,0.18156100
2026-08-26T08:00:00Z,1563506.6100000000000000,214106595.1734000000000000,1.98121971,1.52347000,1.97374517,2.26747900
2026-08-26T16:00:00Z,1569492.3600000000000000,220935694.8224078400000000,1.94749002,1.37921200,1.96724501,0.35820300
2026-08-27T00:00:00Z,1566368.9900000000000000,220299933.3419551600000000,1.93053546,1.40797800,1.90682540,0.47122800
2026-08-27T08:00:00Z,1537505.5800000000000000,215284292.5024960600000000,1.95601852,1.48311800,1.90973985,0.58653000
2026-08-27T16:00:00Z,1548199.8100000000000000,216809901.3924000000000000,1.90740741,1.58281700,1.88666140,1.29254500
2026-08-28T00:00:00Z,1550489.2200000000000000,217447773.3956030300000000,1.86328285,1.53713000,1.85637964,0.49156700
2026-08-28T08:00:00Z,1642487.6200000000000000,230954598.3679792600000000,1.84487021,1.44747900,1.83070189,0.24607600
2026-08-28T16:00:00Z,1584157.0000000000000000,223274813.9925111000000000,1.89198977,1.29662300,1.86324098,1.81733300
2026-08-29T00:00:00Z,1584663.6600000000000000,223120643.3280000000000000,1.88648878,1.30420600,1.86278317,0.27629700
2026-08-29T08:00:00Z,1585246.3200000000000000,222964894.9080000000000000,1.90651193,1.30901200,1.87023771,2.84657300
2026-08-29T16:00:00Z,1581140.6800000000000000,222569685.7314931500000000,1.92217391,1.32278000,1.87721022,1.09913100
2026-08-30T00:00:00Z,1579379.2400000000000000,222115921.7277352000000000,1.98616998,1.33687500,1.94699407,0.87231500
2026-08-30T08:00:00Z,1571939.3300000000000000,221368963.0258671300000000,1.99057451,1.33826000,1.95191164,2.11646000
2026-08-30T16:00:00Z,1592230.8100000000000000,223039691.8648000000000000,1.96628456,1.34174900,1.93443460,0.47934400
